NAME,VARID,ModuleNo,Module,TYPE,TYPE NAME,ID2
agconv,2,1,Agriculture,2,Parameter,agconv : Agriculture Model
AGDEM,3,1,Agriculture,1,Variable,AGDEM : Agriculture Model
AGFISHCATCH,1216,1,Agriculture,1,Variable,AGFISHCATCH : Agriculture Model
aginvm,5,1,Agriculture,2,Parameter,aginvm : Agriculture Model
AGLOSSCONS,1218,1,Agriculture,1,Variable,AGLOSSCONS : Agriculture Model
aglossconsm,1221,1,Agriculture,2,Parameter,aglossconsm : Agriculture Model
AGLOSSPROD,1209,1,Agriculture,1,Variable,AGLOSSPROD : Agriculture Model
aglossprodm,1220,1,Agriculture,2,Parameter,aglossprodm : Agriculture Model
AGLOSSTRANS,1214,1,Agriculture,1,Variable,AGLOSSTRANS : Agriculture Model
aglosstransm,1215,1,Agriculture,2,Parameter,aglosstransm : Agriculture Model
AGM,6,1,Agriculture,1,Variable,AGM : Agriculture Model
AGMVALUE,1222,1,Agriculture,1,Variable,AGMVALUE : Agriculture Model
agon,7,1,Agriculture,2,Parameter,agon : Agriculture Model
AGP,8,1,Agriculture,1,Variable,AGP : Agriculture Model
AGPMILKEGGS,1204,1,Agriculture,1,Variable,AGPMILKEGGS : Agriculture Model
AGX,9,1,Agriculture,1,Variable,AGX : Agriculture Model
AGXVALUE,1223,1,Agriculture,1,Variable,AGXVALUE : Agriculture Model
AID,10,9,Sociopolitical,1,Variable,AID : Sociopolitical Model
aiddon,11,9,Sociopolitical,2,Parameter,aiddon : Sociopolitical Model
aidgradpoint,1319,9,Sociopolitical,2,Parameter,aidgradpoint : Sociopolitical Model
aidlp,12,9,Sociopolitical,2,Parameter,aidlp : Sociopolitical Model
aidlpm,13,9,Sociopolitical,2,Parameter,aidlpm : Sociopolitical Model
AIDREC,14,9,Sociopolitical,1,Variable,AIDREC : Sociopolitical Model
aidrecgovconp,1503,9,Sociopolitical,2,Parameter,aidrecgovconp : Sociopolitical Model
aidrecm,1318,9,Sociopolitical,2,Parameter,aidrecm : Sociopolitical Model
AIDSDRATE,15,2,Demography,1,Variable,AIDSDRATE : Demography Model
aidsdratem,16,2,Demography,2,Parameter,aidsdratem : Demography Model
aidsdrtadvr,17,2,Demography,2,Parameter,aidsdrtadvr : Demography Model
AIDSDTHS,18,2,Demography,1,Variable,AIDSDTHS : Demography Model
AIDSDTHSCM,19,2,Demography,1,Variable,AIDSDTHSCM : Demography Model
DEATHCAT,108,10,Health,1,Variable,DEATHCAT : Health Model
deathtrpvm,111,10,Health,2,Parameter,deathtrpvm : Health Model
ECONINTEG,145,6,Environment,1,Variable,ECONINTEG : Environment Model
ally,20,8,Interstate,2,Parameter,ally : Interstate Model
AQUACUL,21,1,Agriculture,1,Variable,AQUACUL : Agriculture Model
aquaculconv,22,1,Agriculture,2,Parameter,aquaculconv : Agriculture Model
aquaculgr,23,1,Agriculture,2,Parameter,aquaculgr : Agriculture Model
aquaculm,24,1,Agriculture,2,Parameter,aquaculm : Agriculture Model
ASAGDP,25,6,Environment,1,Variable,ASAGDP : Environment Model
ASAGDPCUMCHG,26,6,Environment,1,Variable,ASAGDPCUMCHG : Environment Model
ASAGDPDMAT,27,6,Environment,1,Variable,ASAGDPDMAT : Environment Model
ASAGDPGRRB,28,6,Environment,1,Variable,ASAGDPGRRB : Environment Model
ASALAB,29,6,Environment,1,Variable,ASALAB : Environment Model
ASALABCUMCHG,30,6,Environment,1,Variable,ASALABCUMCHG : Environment Model
ASALABDMAT,31,6,Environment,1,Variable,ASALABDMAT : Environment Model
ASALABGRRB,32,6,Environment,1,Variable,ASALABGRRB : Environment Model
ASAPOP,33,6,Environment,1,Variable,ASAPOP : Environment Model
ASAPOPCUMCHG,34,6,Environment,1,Variable,ASAPOPCUMCHG : Environment Model
ASAPOPDMAT,35,6,Environment,1,Variable,ASAPOPDMAT : Environment Model
ASAPOPGRRB,36,6,Environment,1,Variable,ASAPOPGRRB : Environment Model
ASARAW,37,6,Environment,1,Variable,ASARAW : Environment Model
ASARAWDMAT,38,6,Environment,1,Variable,ASARAWDMAT : Environment Model
bilateraltradeforwardlinksw,1323,3,Economy,2,Parameter,bilateraltradeforwardlinksw : Economy Model
birthmshr,40,2,Demography,2,Parameter,birthmshr : Demography Model
BIRTHS,41,2,Demography,1,Variable,BIRTHS : Demography Model
C,42,3,Economy,1,Variable,C : Economy Model
calmax,43,1,Agriculture,2,Parameter,calmax : Agriculture Model
calmeatm,44,1,Agriculture,2,Parameter,calmeatm : Agriculture Model
CAPUT,45,3,Economy,1,Variable,CAPUT : Economy Model
caputtar,46,3,Economy,2,Parameter,caputtar : Economy Model
carabr,47,6,Environment,2,Parameter,carabr : Environment Model
CARANN,49,6,Environment,1,Variable,CARANN : Environment Model
carannwi,50,6,Environment,1,Variable,carannwi : Environment Model
carbtax,51,6,Environment,2,Parameter,carbtax : Environment Model
CARFOROTH,52,6,Environment,1,Variable,CARFOROTH : Environment Model
carforst,53,6,Environment,2,Parameter,carforst : Environment Model
carfuel1,54,6,Environment,2,Parameter,carfuel1 : Environment Model
carfuel2,55,6,Environment,2,Parameter,carfuel2 : Environment Model
carfuel3,56,6,Environment,2,Parameter,carfuel3 : Environment Model
carinit,57,6,Environment,2,Parameter,carinit : Environment Model
carprein,58,6,Environment,2,Parameter,carprein : Environment Model
CARS,59,7,Infrastructure,1,Variable,CARS : Infrastructure Model
CARSALPC,60,7,Infrastructure,1,Variable,CARSALPC : Infrastructure Model
carsconv,61,7,Infrastructure,2,Parameter,carsconv : Infrastructure Model
carsm,62,7,Infrastructure,2,Parameter,carsm : Infrastructure Model
CARSTOT,63,7,Infrastructure,1,Variable,CARSTOT : Infrastructure Model
carstotm,64,7,Infrastructure,2,Parameter,carstotm : Infrastructure Model
CBR,65,2,Demography,1,Variable,CBR : Demography Model
CDALF,66,3,Economy,1,Variable,CDALF : Economy Model
cdmf,67,8,Interstate,2,Parameter,cdmf : Interstate Model
CDR,68,2,Demography,1,Variable,CDR : Demography Model
CHILDDTHR,1376,2,Demography,1,Variable,CHILDDTHR : Demography Model
CHLMOR,1372,2,Demography,1,Variable,CHLMOR : Demography Model
CIVDM,69,8,Interstate,1,Variable,CIVDM : Interstate Model
CLAVAL,70,1,Agriculture,1,Variable,CLAVAL : Agriculture Model
CLD,71,1,Agriculture,1,Variable,CLD : Agriculture Model
CLIMECONIMP,1363,6,Environment,1,Variable,CLIMECONIMP : Environment Model
climeconimplin,1361,6,Environment,2,Parameter,climeconimplin : Environment Model
climeconimpsq,1362,6,Environment,2,Parameter,climeconimpsq : Environment Model
climeconimpstk,1373,6,Environment,2,Parameter,climeconimpstk : Environment Model
climeconimpsw,1360,6,Environment,2,Parameter,climeconimpsw : Environment Model
CLNEED,72,2,Demography,1,Variable,CLNEED : Demography Model
clnf,73,2,Demography,2,Parameter,clnf : Demography Model
CLPC,74,1,Agriculture,1,Variable,CLPC : Agriculture Model
clpcm,4,1,Agriculture,2,Parameter,clpcm : Agriculture Model
clsexp,75,2,Demography,2,Parameter,clsexp : Demography Model
CO2PER,76,6,Environment,1,Variable,CO2PER : Environment Model
CO2PPM,77,6,Environment,1,Variable,CO2PPM : Environment Model
co2prein,78,6,Environment,2,Parameter,co2prein : Environment Model
confforsw,79,9,Sociopolitical,2,Parameter,confforsw : Sociopolitical Model
contiguity,80,8,Interstate,2,Parameter,contiguity : Interstate Model
CONTRUSE,81,2,Demography,1,Variable,CONTRUSE : Demography Model
contrusm,82,2,Demography,2,Parameter,contrusm : Demography Model
CPCTND,83,3,Economy,1,Variable,CPCTND : Economy Model
cpctnduse,84,3,Economy,2,Parameter,cpctnduse : Economy Model
CPOW,85,8,Interstate,1,Variable,CPOW : Interstate Model
cpowdf,86,8,Interstate,2,Parameter,cpowdf : Interstate Model
cpowf,87,8,Interstate,1,Variable,cpowf : Interstate Model
cpowldcf,88,8,Interstate,2,Parameter,cpowldcf : Interstate Model
CPREWORK,89,3,Economy,1,Variable,CPREWORK : Economy Model
CRA,90,3,Economy,1,Variable,CRA : Economy Model
CRETIRE,91,3,Economy,1,Variable,CRETIRE : Economy Model
CS,92,3,Economy,1,Variable,CS : Economy Model
CSHHS,93,3,Economy,1,Variable,CSHHS : Economy Model
CSHHU,94,3,Economy,1,Variable,CSHHU : Economy Model
CULTREG,95,9,Sociopolitical,1,Variable,CULTREG : Sociopolitical Model
cultshmp,96,9,Sociopolitical,2,Parameter,cultshmp : Sociopolitical Model
cultshse,97,9,Sociopolitical,2,Parameter,cultshse : Sociopolitical Model
cultshts,99,9,Sociopolitical,2,Parameter,cultshts : Sociopolitical Model
CURACT,101,3,Economy,1,Variable,CURACT : Economy Model
CWAR,102,8,Interstate,1,Variable,CWAR : Interstate Model
cwarbase,103,8,Interstate,2,Parameter,cwarbase : Interstate Model
CWARPB,105,8,Interstate,1,Variable,CWARPB : Interstate Model
cwarsv,106,8,Interstate,2,Parameter,cwarsv : Interstate Model
CWORKING,107,3,Economy,1,Variable,CWORKING : Economy Model
DEATHS,109,2,Demography,1,Variable,DEATHS : Demography Model
DEATHTRPV,110,2,Demography,1,Variable,DEATHTRPV : Demography Model
elendemict,244,7,Infrastructure,2,Parameter,elendemict : Infrastructure Model
deathtrpvsetar,112,2,Demography,2,Parameter,deathtrpvsetar : Demography Model
deathtrpvseyrtar,113,2,Demography,2,Parameter,deathtrpvseyrtar : Demography Model
democconv,114,2,Demography,2,Parameter,democconv : Demography Model
DEMOCEXP,115,9,Sociopolitical,1,Variable,DEMOCEXP : Sociopolitical Model
democimpoth,116,9,Sociopolitical,2,Parameter,democimpoth : Sociopolitical Model
democimpus,117,9,Sociopolitical,2,Parameter,democimpus : Sociopolitical Model
democimpusn,118,9,Sociopolitical,2,Parameter,democimpusn : Sociopolitical Model
democm,119,9,Sociopolitical,2,Parameter,democm : Sociopolitical Model
DEMOCPOLITY,120,9,Sociopolitical,1,Variable,DEMOCPOLITY : Sociopolitical Model
democpolitysetar,121,9,Sociopolitical,2,Parameter,democpolitysetar : Sociopolitical Model
democpolityseyrtar,122,9,Sociopolitical,2,Parameter,democpolityseyrtar : Sociopolitical Model
DEMOCWAVE,123,9,Sociopolitical,1,Variable,DEMOCWAVE : Sociopolitical Model
DEMOCWVCOUNT,124,9,Sociopolitical,1,Variable,DEMOCWVCOUNT : Sociopolitical Model
DEMOCWVDIR,125,9,Sociopolitical,1,Variable,DEMOCWVDIR : Sociopolitical Model
democwvlen,126,9,Sociopolitical,2,Parameter,democwvlen : Sociopolitical Model
democwvmax,127,9,Sociopolitical,2,Parameter,democwvmax : Sociopolitical Model
desald,1416,5,Energy,2,Parameter,desald : Energy Model
desali,1415,5,Energy,2,Parameter,desali : Energy Model
diplodistancetoeu,128,8,Interstate,2,Parameter,diplodistancetoeu : Interstate Model
DIPLOEMBASSY,129,8,Interstate,1,Variable,DIPLOEMBASSY : Interstate Model
DIPLOEMBASSYMAX,130,8,Interstate,1,Variable,DIPLOEMBASSYMAX : Interstate Model
diploembassymaxm,131,8,Interstate,2,Parameter,diploembassymaxm : Interstate Model
DIPLOIGO,132,8,Interstate,1,Variable,DIPLOIGO : Interstate Model
DIPLOIGOMAX,133,8,Interstate,1,Variable,DIPLOIGOMAX : Interstate Model
diploigomaxm,134,8,Interstate,2,Parameter,diploigomaxm : Interstate Model
DIPLOINGOADVOCACY,1284,8,Interstate,1,Variable,DIPLOINGOADVOCACY : Interstate Model
diploingoadvocacyconv,1285,8,Interstate,2,Parameter,diploingoadvocacyconv : Interstate Model
diploingoadvocacym,1286,8,Interstate,2,Parameter,diploingoadvocacym : Interstate Model
DIPLOINGOPROGRAM,1287,8,Interstate,1,Variable,DIPLOINGOPROGRAM : Interstate Model
diploingoprogramconv,1288,8,Interstate,2,Parameter,diploingoprogramconv : Interstate Model
diploingoprogramm,1289,8,Interstate,2,Parameter,diploingoprogramm : Interstate Model
DIPLOTREATY,135,8,Interstate,1,Variable,DIPLOTREATY : Interstate Model
DIPLOTREATYMAX,136,8,Interstate,1,Variable,DIPLOTREATYMAX : Interstate Model
diplotreatymaxm,137,8,Interstate,2,Parameter,diplotreatymaxm : Interstate Model
dkl,138,1,Agriculture,2,Parameter,dkl : Agriculture Model
drcpow,139,8,Interstate,2,Parameter,drcpow : Interstate Model
drnpow,140,8,Interstate,2,Parameter,drnpow : Interstate Model
elenrenict,251,11,Other,2,Parameter,elenrenict : Other Model
elglinpr,261,11,Other,2,Parameter,elglinpr : Other Model
DRUGUSEAMPHETAMINE,1417,2,Demography,1,Variable,DRUGUSEAMPHETAMINE : Demography Model
DRUGUSECOCAINE,1418,2,Demography,1,Variable,DRUGUSECOCAINE : Demography Model
ENSOLFUEL,314,11,Other,1,Variable,ENSOLFUEL : Other Model
DRUGUSEOPIATES,1419,2,Demography,1,Variable,DRUGUSEOPIATES : Demography Model
ensolfuelm,315,11,Other,2,Parameter,ensolfuelm : Other Model
ensolfuelsetar,316,11,Other,2,Parameter,ensolfuelsetar : Other Model
DRUGUSEPRESCRIPTOPIOID,1420,2,Demography,1,Variable,DRUGUSEPRESCRIPTOPIOID : Demography Model
ensolfuelseyrtar,317,11,Other,2,Parameter,ensolfuelseyrtar : Other Model
dstl,141,3,Economy,2,Parameter,dstl : Economy Model
dstlen,142,5,Energy,2,Parameter,dstlen : Energy Model
ECONFREE,143,9,Sociopolitical,1,Variable,ECONFREE : Sociopolitical Model
econfreem,144,9,Sociopolitical,2,Parameter,econfreem : Sociopolitical Model
ensolfueltrgtval,318,11,Other,2,Parameter,ensolfueltrgtval : Other Model
EDBASENRG,146,4,Education,1,Variable,EDBASENRG : Education Model
ensolfueltrgtyr,319,11,Other,2,Parameter,ensolfueltrgtyr : Other Model
EDEXPERPRI,148,4,Education,1,Variable,EDEXPERPRI : Education Model
edexperprim,1482,4,Education,2,Parameter,edexperprim : Education Model
EDEXPERSEC,149,4,Education,1,Variable,EDEXPERSEC : Education Model
EDEXPERSECLOWR,150,4,Education,1,Variable,EDEXPERSECLOWR : Education Model
edexperseclowrm,1483,4,Education,2,Parameter,edexperseclowrm : Education Model
EDEXPERSECUPPR,151,4,Education,1,Variable,EDEXPERSECUPPR : Education Model
edexpersecupprm,1484,4,Education,2,Parameter,edexpersecupprm : Education Model
EDEXPERTER,152,4,Education,1,Variable,EDEXPERTER : Education Model
edexperterm,1485,4,Education,2,Parameter,edexperterm : Education Model
edexppconv,153,4,Education,2,Parameter,edexppconv : Education Model
edexpslconv,154,4,Education,2,Parameter,edexpslconv : Education Model
edexpsuconv,155,4,Education,2,Parameter,edexpsuconv : Education Model
edexptconv,156,4,Education,2,Parameter,edexptconv : Education Model
edpricostadjrural,158,4,Education,2,Parameter,edpricostadjrural : Education Model
EDPRICR,159,4,Education,1,Variable,EDPRICR : Education Model
EDPRIENRG,160,4,Education,1,Variable,EDPRIENRG : Education Model
EDPRIENRN,161,4,Education,1,Variable,EDPRIENRN : Education Model
edprigoalexper,164,4,Education,2,Parameter,edprigoalexper : Education Model
edprigoalexperon,165,4,Education,2,Parameter,edprigoalexperon : Education Model
EDPRIGRADS,166,4,Education,1,Variable,EDPRIGRADS : Education Model
EDPRIINT,167,4,Education,1,Variable,EDPRIINT : Education Model
EDPRIINTN,168,4,Education,1,Variable,EDPRIINTN : Education Model
edpriintngr,169,4,Education,2,Parameter,edpriintngr : Education Model
ENVYLCHG,328,11,Other,1,Variable,ENVYLCHG : Other Model
edprilen,170,4,Education,2,Parameter,edprilen : Education Model
EDPRIPER,171,4,Education,1,Variable,EDPRIPER : Education Model
EDPRIPER15TO24,,4,Education,1,Variable,EDPRIPER15TO24 : Education Model
EDPRIPTR,172,4,Education,2,Parameter,EDPRIPTR : Education Model
edpristart,173,4,Education,2,Parameter,edpristart : Education Model
EDPRISUR,174,4,Education,1,Variable,EDPRISUR : Education Model
edprisurgr,175,4,Education,2,Parameter,edprisurgr : Education Model
extmafuncelectran,345,11,Other,2,Parameter,extmafuncelectran : Other Model
EDPRITOT,176,4,Education,1,Variable,EDPRITOT : Education Model
edqtqltrm,177,4,Education,2,Parameter,edqtqltrm : Education Model
EDQUALAG15,1409,4,Education,1,Variable,EDQUALAG15 : Education Model
edqualag15m,1407,4,Education,2,Parameter,edqualag15m : Education Model
EDQUALAG15PRI,1411,4,Education,1,Variable,EDQUALAG15PRI : Education Model
EDQUALAG15SEC,1412,4,Education,1,Variable,EDQUALAG15SEC : Education Model
EDQUALPRIALL,1399,4,Education,1,Variable,EDQUALPRIALL : Education Model
edqualpriallm,1406,4,Education,2,Parameter,edqualpriallm : Education Model
EDQUALPRIMATH,1394,4,Education,1,Variable,EDQUALPRIMATH : Education Model
edqualprimathm,1497,4,Education,2,Parameter,edqualprimathm : Education Model
EDQUALPRIREAD,1395,4,Education,1,Variable,EDQUALPRIREAD : Education Model
edqualprireadm,1498,4,Education,2,Parameter,edqualprireadm : Education Model
EDQUALPRISCI,1393,4,Education,1,Variable,EDQUALPRISCI : Education Model
edqualpriscim,1478,4,Education,2,Parameter,edqualpriscim : Education Model
edqualprispndimp,1475,4,Education,2,Parameter,edqualprispndimp : Education Model
edqualprispndimpthreshold,1493,4,Education,2,Parameter,edqualprispndimpthreshold : Education Model
edqualprispndimpthresholdval,1496,4,Education,2,Parameter,edqualprispndimpthresholdval : Education Model
EDQUALSECALL,1400,4,Education,1,Variable,EDQUALSECALL : Education Model
edqualsecallm,1408,4,Education,2,Parameter,edqualsecallm : Education Model
EDQUALSECMATH,1397,4,Education,1,Variable,EDQUALSECMATH : Education Model
edqualsecmathm,1479,4,Education,2,Parameter,edqualsecmathm : Education Model
EDQUALSECREAD,1398,4,Education,1,Variable,EDQUALSECREAD : Education Model
edqualsecreadm,1480,4,Education,2,Parameter,edqualsecreadm : Education Model
EDQUALSECSCI,1396,4,Education,1,Variable,EDQUALSECSCI : Education Model
edqualsecscim,1481,4,Education,2,Parameter,edqualsecscim : Education Model
edqualsecspndimp,1474,4,Education,2,Parameter,edqualsecspndimp : Education Model
edqualsecspndimpthreshold,1490,4,Education,2,Parameter,edqualsecspndimpthreshold : Education Model
edqualsecspndimpthresholdval,1495,4,Education,2,Parameter,edqualsecspndimpthresholdval : Education Model
EDSECENRG,178,4,Education,1,Variable,EDSECENRG : Education Model
EDSECENRN,179,4,Education,1,Variable,EDSECENRN : Education Model
EDSECLOWRENRG,180,4,Education,1,Variable,EDSECLOWRENRG : Education Model
edseclowrgradgr,1327,4,Education,2,Parameter,edseclowrgradgr : Education Model
EDSECLOWRGRADS,183,4,Education,1,Variable,EDSECLOWRGRADS : Education Model
extmafuncroad,347,11,Other,2,Parameter,extmafuncroad : Other Model
EDSECLOWRGRATE,184,4,Education,1,Variable,EDSECLOWRGRATE : Education Model
extmafuncroadpaved,348,11,Other,2,Parameter,extmafuncroadpaved : Other Model
edseclowrlen,185,4,Education,2,Parameter,edseclowrlen : Education Model
EDSECLOWRTOT,188,4,Education,1,Variable,EDSECLOWRTOT : Education Model
EDSECLOWRTRAN,189,4,Education,1,Variable,EDSECLOWRTRAN : Education Model
edseclowrtrangr,191,4,Education,2,Parameter,edseclowrtrangr : Education Model
EDSECLOWRVOC,192,4,Education,1,Variable,EDSECLOWRVOC : Education Model
extmaposnconvtimeelectran,351,11,Other,2,Parameter,extmaposnconvtimeelectran : Other Model
EDSECPER,193,4,Education,1,Variable,EDSECPER : Education Model
EDSECPER15TO24,,4,Education,1,Variable,EDSECPER15TO24 : Education Model
EDSECPER20TO24,1297,4,Education,1,Variable,EDSECPER20TO24 : Education Model
EDSECTOT,194,4,Education,1,Variable,EDSECTOT : Education Model
EDSECUPPRENRG,195,4,Education,1,Variable,EDSECUPPRENRG : Education Model
edsecupprgradgr,1330,4,Education,2,Parameter,edsecupprgradgr : Education Model
EDSECUPPRGRADS,198,4,Education,1,Variable,EDSECUPPRGRADS : Education Model
EDSECUPPRGRATE,199,4,Education,1,Variable,EDSECUPPRGRATE : Education Model
extmaposnconvtimeroad,353,11,Other,2,Parameter,extmaposnconvtimeroad : Other Model
edsecupprlen,200,4,Education,2,Parameter,edsecupprlen : Education Model
EDSECUPPRTOT,203,4,Education,1,Variable,EDSECUPPRTOT : Education Model
EDSECUPPRTRAN,204,4,Education,1,Variable,EDSECUPPRTRAN : Education Model
edsecupprtrangr,206,4,Education,2,Parameter,edsecupprtrangr : Education Model
extmaposnconvtimeroadpaved,354,11,Other,2,Parameter,extmaposnconvtimeroadpaved : Other Model
extmaposnelectran,355,11,Other,2,Parameter,extmaposnelectran : Other Model
EDSECUPPRVOC,207,4,Education,1,Variable,EDSECUPPRVOC : Education Model
extmaposnenelecshr,356,11,Other,2,Parameter,extmaposnenelecshr : Other Model
EDTERENRG,208,4,Education,1,Variable,EDTERENRG : Education Model
extmaposnroad,357,11,Other,2,Parameter,extmaposnroad : Other Model
extmaposnroadpaved,358,11,Other,2,Parameter,extmaposnroadpaved : Other Model
edtergradgr,211,4,Education,2,Parameter,edtergradgr : Education Model
GDPPOT,392,11,Other,1,Variable,GDPPOT : Other Model
EDTERGRADS,212,4,Education,1,Variable,EDTERGRADS : Education Model
gdprext,394,11,Other,2,Parameter,gdprext : Other Model
EDTERGRATE,213,4,Education,1,Variable,EDTERGRATE : Education Model
EDTERGRSCIEN,214,4,Education,1,Variable,EDTERGRSCIEN : Education Model
EDTERINT,215,4,Education,1,Variable,EDTERINT : Education Model
edterintgr,216,4,Education,2,Parameter,edterintgr : Education Model
gemm,403,11,Other,2,Parameter,gemm : Other Model
EDTERPER,217,4,Education,1,Variable,EDTERPER : Education Model
edterpushon,,4,Education,2,Parameter,edterpushon : Education Model
gemsetar,404,11,Other,2,Parameter,gemsetar : Other Model
EDTERTOT,219,4,Education,1,Variable,EDTERTOT : Education Model
EDTOTCOST,220,4,Education,1,Variable,EDTOTCOST : Education Model
EDYRSAG15,221,4,Education,1,Variable,EDYRSAG15 : Education Model
EDYRSAG15TO24,222,4,Education,1,Variable,EDYRSAG15TO24 : Education Model
EDYRSAG25,223,4,Education,1,Variable,EDYRSAG25 : Education Model
gemseyrtar,405,11,Other,2,Parameter,gemseyrtar : Other Model
EDYRSSLE,224,4,Education,1,Variable,EDYRSSLE : Education Model
elagind,226,1,Agriculture,2,Parameter,elagind : Agriculture Model
GLOBALIZ,411,11,Other,1,Variable,GLOBALIZ : Other Model
GOVEFFECT,423,11,Other,1,Variable,GOVEFFECT : Other Model
goveffectm,424,11,Other,2,Parameter,goveffectm : Other Model
goveffectsetar,425,11,Other,2,Parameter,goveffectsetar : Other Model
elascd,231,1,Agriculture,2,Parameter,elascd : Agriculture Model
elasde,232,5,Energy,2,Parameter,elasde : Energy Model
elasfd,1211,1,Agriculture,2,Parameter,elasfd : Agriculture Model
elashc,234,9,Sociopolitical,2,Parameter,elashc : Sociopolitical Model
elasit,235,3,Economy,2,Parameter,elasit : Economy Model
elasmd,236,1,Agriculture,2,Parameter,elasmd : Agriculture Model
elasminc,237,3,Economy,2,Parameter,elasminc : Economy Model
elastrpr,239,3,Economy,2,Parameter,elastrpr : Economy Model
elasxinc,240,3,Economy,2,Parameter,elasxinc : Economy Model
elaszs,241,3,Economy,2,Parameter,elaszs : Economy Model
eldemocimp,242,9,Sociopolitical,2,Parameter,eldemocimp : Sociopolitical Model
goveffectseyrtar,426,11,Other,2,Parameter,goveffectseyrtar : Other Model
GOVEMBED,427,11,Other,1,Variable,GOVEMBED : Other Model
eleniprof,245,5,Energy,2,Parameter,eleniprof : Energy Model
eleniprof2,246,5,Energy,2,Parameter,eleniprof2 : Energy Model
elenpr,247,5,Energy,2,Parameter,elenpr : Energy Model
elenpr2,248,5,Energy,2,Parameter,elenpr2 : Energy Model
GOVINDCAPAC,439,11,Other,1,Variable,GOVINDCAPAC : Other Model
elerca1,252,3,Economy,2,Parameter,elerca1 : Economy Model
elerca2,253,3,Economy,2,Parameter,elerca2 : Economy Model
elfdilifexp,256,3,Economy,2,Parameter,elfdilifexp : Economy Model
elfdpr1,257,1,Agriculture,2,Parameter,elfdpr1 : Agriculture Model
elfdpr2,258,1,Agriculture,2,Parameter,elfdpr2 : Agriculture Model
GOVINDINCLUS,440,11,Other,1,Variable,GOVINDINCLUS : Other Model
GOVINDSECUR,441,11,Other,1,Variable,GOVINDSECUR : Other Model
GOVINDTOTAL,442,11,Other,1,Variable,GOVINDTOTAL : Other Model
eliasp1,265,1,Agriculture,2,Parameter,eliasp1 : Agriculture Model
eliasp2,266,1,Agriculture,2,Parameter,eliasp2 : Agriculture Model
GOVNUCWP,443,11,Other,2,Parameter,GOVNUCWP : Other Model
govnucwpadd,444,11,Other,2,Parameter,govnucwpadd : Other Model
elinst1,271,3,Economy,2,Parameter,elinst1 : Economy Model
elinst2,272,3,Economy,2,Parameter,elinst2 : Economy Model
elmpr1,277,3,Economy,2,Parameter,elmpr1 : Economy Model
elmpr2,278,3,Economy,2,Parameter,elmpr2 : Economy Model
elndpow,279,8,Interstate,2,Parameter,elndpow : Interstate Model
elprst1,280,3,Economy,2,Parameter,elprst1 : Economy Model
elprst2,281,3,Economy,2,Parameter,elprst2 : Economy Model
eltfrcon,282,2,Demography,2,Parameter,eltfrcon : Demography Model
elxpr1,284,3,Economy,2,Parameter,elxpr1 : Economy Model
elxpr2,285,3,Economy,2,Parameter,elxpr2 : Economy Model
encartpp,286,5,Energy,2,Parameter,encartpp : Energy Model
enconv,287,5,Energy,2,Parameter,enconv : Energy Model
ENDEM,288,5,Energy,1,Variable,ENDEM : Energy Model
endemm,289,5,Energy,2,Parameter,endemm : Energy Model
ENDEMSH,290,5,Energy,1,Variable,ENDEMSH : Energy Model
ENELECSHRENDEM,291,7,Infrastructure,1,Variable,ENELECSHRENDEM : Infrastructure Model
enelecshrendemm,292,7,Infrastructure,2,Parameter,enelecshrendemm : Infrastructure Model
engel,293,3,Economy,2,Parameter,engel : Economy Model
eninvm,294,5,Energy,2,Parameter,eninvm : Energy Model
eninvtm,295,5,Energy,2,Parameter,eninvtm : Energy Model
ENM,296,5,Energy,1,Variable,ENM : Energy Model
enml,297,5,Energy,2,Parameter,enml : Energy Model
enon,298,5,Energy,2,Parameter,enon : Energy Model
ENP,299,5,Energy,1,Variable,ENP : Energy Model
enpcoalmax,300,5,Energy,2,Parameter,enpcoalmax : Energy Model
enpm,302,5,Energy,2,Parameter,enpm : Energy Model
ENPRI,304,5,Energy,1,Variable,ENPRI : Energy Model
enprix,305,5,Energy,2,Parameter,enprix : Energy Model
enprixi,306,5,Energy,2,Parameter,enprixi : Energy Model
ENPRR,307,5,Energy,1,Variable,ENPRR : Energy Model
ENRGDP,309,5,Energy,1,Variable,ENRGDP : Energy Model
enrgdpgr,310,5,Energy,2,Parameter,enrgdpgr : Energy Model
GOVREGQUAL,445,11,Other,1,Variable,GOVREGQUAL : Other Model
ENSHO,312,5,Energy,1,Variable,ENSHO : Energy Model
govregqualm,446,11,Other,2,Parameter,govregqualm : Other Model
govregqualsetar,447,11,Other,2,Parameter,govregqualsetar : Other Model
govregqualseyrtar,448,11,Other,2,Parameter,govregqualseyrtar : Other Model
GOVRISK,451,11,Other,1,Variable,GOVRISK : Other Model
govriskm,452,11,Other,2,Parameter,govriskm : Other Model
govriskweight,453,11,Other,1,Variable,govriskweight : Other Model
ENST,320,5,Energy,1,Variable,ENST : Energy Model
envclimsens,321,6,Environment,2,Parameter,envclimsens : Environment Model
envco2fert,322,6,Environment,2,Parameter,envco2fert : Environment Model
envpm25hldsw,323,6,Environment,2,Parameter,envpm25hldsw : Environment Model
ENVPM2PT5,324,6,Environment,1,Variable,ENVPM2PT5 : Environment Model
envpm2pt5m,325,6,Environment,2,Parameter,envpm2pt5m : Environment Model
ENVPRCHG,326,6,Environment,1,Variable,ENVPRCHG : Environment Model
ENVTPCHG,327,6,Environment,1,Variable,ENVTPCHG : Environment Model
envylchgadd,329,6,Environment,2,Parameter,envylchgadd : Environment Model
envylchgm,330,1,Agriculture,2,Parameter,envylchgm : Agriculture Model
ENX,331,5,Energy,1,Variable,ENX : Energy Model
enxl,332,5,Energy,2,Parameter,enxl : Energy Model
eprodr,335,5,Energy,2,Parameter,eprodr : Energy Model
EPROFITR,336,5,Energy,1,Variable,EPROFITR : Energy Model
eprohw,337,5,Energy,2,Parameter,eprohw : Energy Model
etechadv,338,5,Energy,2,Parameter,etechadv : Energy Model
HLBMI,494,11,Other,1,Variable,HLBMI : Other Model
hlbmim,495,11,Other,2,Parameter,hlbmim : Other Model
eumembsw,342,8,Interstate,2,Parameter,eumembsw : Interstate Model
EXRATE,343,3,Economy,1,Variable,EXRATE : Economy Model
HLDALY,496,11,Other,1,Variable,HLDALY : Other Model
HLDIABETESRR,497,11,Other,2,Parameter,HLDIABETESRR : Other Model
hlmodelsw,509,11,Other,2,Parameter,hlmodelsw : Other Model
EXTRASTDRATIO,359,4,Education,1,Variable,EXTRASTDRATIO : Education Model
FDEM,360,1,Agriculture,1,Variable,FDEM : Agriculture Model
FEDDEM,361,1,Agriculture,1,Variable,FEDDEM : Agriculture Model
feddemm,1282,1,Agriculture,2,Parameter,feddemm : Agriculture Model
femshrgr,362,3,Economy,2,Parameter,femshrgr : Economy Model
FEMSHRLAB,363,3,Economy,1,Variable,FEMSHRLAB : Economy Model
FIRMEARN,1313,3,Economy,1,Variable,FIRMEARN : Economy Model
FIRMGOVSS,364,3,Economy,1,Variable,FIRMGOVSS : Economy Model
FIRMINC,365,3,Economy,1,Variable,FIRMINC : Economy Model
FIRMINCDIS,1314,3,Economy,1,Variable,FIRMINCDIS : Economy Model
FIRMSAV,366,3,Economy,1,Variable,FIRMSAV : Economy Model
FIRMTAX,367,3,Economy,1,Variable,FIRMTAX : Economy Model
FIRMTAXR,368,3,Economy,1,Variable,FIRMTAXR : Economy Model
firmtaxrm,369,3,Economy,2,Parameter,firmtaxrm : Economy Model
fishcatchm,1271,1,Agriculture,2,Parameter,fishcatchm : Agriculture Model
FMDEM,1205,1,Agriculture,1,Variable,FMDEM : Agriculture Model
FORSAV,373,3,Economy,1,Variable,FORSAV : Economy Model
FORSAVRPA,374,3,Economy,1,Variable,FORSAVRPA : Economy Model
FPRI,375,1,Agriculture,1,Variable,FPRI : Agriculture Model
fpricr2,377,1,Agriculture,2,Parameter,fpricr2 : Agriculture Model
fprihw,378,1,Agriculture,2,Parameter,fprihw : Agriculture Model
fprimt1,379,1,Agriculture,2,Parameter,fprimt1 : Agriculture Model
fprimt2,380,1,Agriculture,2,Parameter,fprimt2 : Agriculture Model
FPROFITR,381,1,Agriculture,1,Variable,FPROFITR : Agriculture Model
FREEDOM,382,9,Sociopolitical,1,Variable,FREEDOM : Sociopolitical Model
freedomm,383,9,Sociopolitical,2,Parameter,freedomm : Sociopolitical Model
FSTOCK,384,1,Agriculture,1,Variable,FSTOCK : Agriculture Model
GDI,1351,9,Sociopolitical,1,Variable,GDI : Sociopolitical Model
GDP,386,3,Economy,1,Variable,GDP : Economy Model
GDPADJ,1311,3,Economy,1,Variable,GDPADJ : Economy Model
hlmorbconv,510,11,Other,2,Parameter,hlmorbconv : Other Model
gdpinformcoeffcorrupt,,7,Infrastructure,2,Parameter,gdpinformcoeffcorrupt : Infrastructure Model
gdpinformcoeffintercept,,7,Infrastructure,2,Parameter,gdpinformcoeffintercept : Infrastructure Model
gdpinformcoefflabinf,,7,Infrastructure,2,Parameter,gdpinformcoefflabinf : Infrastructure Model
gdpinformcoeffRanD,,7,Infrastructure,2,Parameter,gdpinformcoeffRanD : Infrastructure Model
GDPINFORMSHR,,3,Economy,1,Variable,GDPINFORMSHR : Economy Model
gdpinformshrm,,3,Economy,2,Parameter,gdpinformshrm : Economy Model
GDPP,387,3,Economy,1,Variable,GDPP : Economy Model
GDPPC,389,3,Economy,1,Variable,GDPPC : Economy Model
GDPPCP,390,3,Economy,1,Variable,GDPPCP : Economy Model
GDPPCP2005,1173,3,Economy,1,Variable,GDPPCP2005 : Economy Model
GDPPCPMF,1358,3,Economy,1,Variable,GDPPCPMF : Economy Model
hlmorbm,511,11,Other,2,Parameter,hlmorbm : Other Model
GDPR,393,3,Economy,1,Variable,GDPR : Economy Model
GDPRPA,395,3,Economy,1,Variable,GDPRPA : Economy Model
gdpshadowcoeffcorrupt,,7,Infrastructure,2,Parameter,gdpshadowcoeffcorrupt : Infrastructure Model
gdpshadowcoeffintercept,,7,Infrastructure,2,Parameter,gdpshadowcoeffintercept : Infrastructure Model
gdpshadowcoefflabinf,,7,Infrastructure,2,Parameter,gdpshadowcoefflabinf : Infrastructure Model
gdpshadowcoeffRanD,,7,Infrastructure,2,Parameter,gdpshadowcoeffRanD : Infrastructure Model
gdpshadowon,,8,Interstate,2,Parameter,gdpshadowon : Interstate Model
GDPSHADOWSHR,,3,Economy,1,Variable,GDPSHADOWSHR : Economy Model
gdpshadowshrm,,3,Economy,2,Parameter,gdpshadowshrm : Economy Model
GDS,396,9,Sociopolitical,1,Variable,GDS : Sociopolitical Model
hlmortcdadltm,513,11,Other,2,Parameter,hlmortcdadltm : Other Model
hlmortcdchldm,514,11,Other,2,Parameter,hlmortcdchldm : Other Model
GDSED,397,9,Sociopolitical,1,Variable,GDSED : Sociopolitical Model
gdsedm,398,4,Education,2,Parameter,gdsedm : Education Model
gdsm,399,9,Sociopolitical,2,Parameter,gdsm : Sociopolitical Model
gdsnormalize,400,8,Interstate,2,Parameter,gdsnormalize : Interstate Model
GEM,401,9,Sociopolitical,1,Variable,GEM : Sociopolitical Model
HLOBESITY,518,11,Other,1,Variable,HLOBESITY : Other Model
hlobesitym,519,11,Other,2,Parameter,hlobesitym : Other Model
hlpm2pt5sw,521,11,Other,2,Parameter,hlpm2pt5sw : Other Model
GINIDOM,407,9,Sociopolitical,1,Variable,GINIDOM : Sociopolitical Model
ginidomr,408,9,Sociopolitical,2,Parameter,ginidomr : Sociopolitical Model
GINIFULL,409,9,Sociopolitical,1,Variable,GINIFULL : Sociopolitical Model
GLDCAP,410,1,Agriculture,1,Variable,GLDCAP : Agriculture Model
hlsmkel,524,11,Other,2,Parameter,hlsmkel : Other Model
glocom,412,8,Interstate,2,Parameter,glocom : Interstate Model
GOVBAL,414,3,Economy,1,Variable,GOVBAL : Economy Model
GOVBUSCOST,,3,Economy,1,Variable,GOVBUSCOST : Economy Model
govbuscostm,,3,Economy,2,Parameter,govbuscostm : Economy Model
GOVBUSREGIND,,3,Economy,1,Variable,GOVBUSREGIND : Economy Model
govbusregindm,,3,Economy,2,Parameter,govbusregindm : Economy Model
GOVCON,415,3,Economy,1,Variable,GOVCON : Economy Model
hlsmkimeff,525,11,Other,2,Parameter,hlsmkimeff : Other Model
govconm,416,3,Economy,2,Parameter,govconm : Economy Model
HLSMOKING,526,11,Other,1,Variable,HLSMOKING : Other Model
GOVCORRUPT,417,3,Economy,1,Variable,GOVCORRUPT : Economy Model
govcorruptm,418,3,Economy,2,Parameter,govcorruptm : Economy Model
govcorruptsetar,419,3,Economy,2,Parameter,govcorruptsetar : Economy Model
govcorruptseyrtar,420,3,Economy,2,Parameter,govcorruptseyrtar : Economy Model
GOVDEBT,421,3,Economy,1,Variable,GOVDEBT : Economy Model
goveffconv,422,2,Demography,2,Parameter,goveffconv : Demography Model
hlsmokingdecm,528,11,Other,2,Parameter,hlsmokingdecm : Other Model
hlsmokingfloor,529,11,Other,2,Parameter,hlsmokingfloor : Other Model
HLSMOKINGIMP,530,11,Other,2,Parameter,HLSMOKINGIMP : Other Model
hlsmokingincm,531,11,Other,2,Parameter,hlsmokingincm : Other Model
hlsmokingm,532,11,Other,2,Parameter,hlsmokingm : Other Model
GOVEXP,428,3,Economy,1,Variable,GOVEXP : Economy Model
govexpm,429,3,Economy,2,Parameter,govexpm : Economy Model
govfinconv,430,3,Economy,2,Parameter,govfinconv : Economy Model
GOVHHPENT,431,3,Economy,1,Variable,GOVHHPENT : Economy Model
govhhpentndpctuse,433,3,Economy,2,Parameter,govhhpentndpctuse : Economy Model
GOVHHTRN,434,3,Economy,1,Variable,GOVHHTRN : Economy Model
GOVHHTRNPEN,435,3,Economy,1,Variable,GOVHHTRNPEN : Economy Model
govhhtrnpenm,436,3,Economy,2,Parameter,govhhtrnpenm : Economy Model
GOVHHTRNWEL,437,3,Economy,1,Variable,GOVHHTRNWEL : Economy Model
govhhtrnwelm,438,3,Economy,2,Parameter,govhhtrnwelm : Economy Model
hlsmokingtcs,535,11,Other,2,Parameter,hlsmokingtcs : Other Model
hlsmokingtcsel,536,11,Other,2,Parameter,hlsmokingtcsel : Other Model
hlsmokingtcsm,537,11,Other,2,Parameter,hlsmokingtcsm : Other Model
HLSTUNT,540,11,Other,1,Variable,HLSTUNT : Other Model
hltfragehalflife,545,11,Other,2,Parameter,hltfragehalflife : Other Model
hltfrageinit,546,11,Other,2,Parameter,hltfrageinit : Other Model
hltfragepeak,547,11,Other,2,Parameter,hltfragepeak : Other Model
GOVREV,449,3,Economy,1,Variable,GOVREV : Economy Model
hltfragestop,548,11,Other,2,Parameter,hltfragestop : Other Model
GOVREVDOM,1342,3,Economy,1,Variable,GOVREVDOM : Economy Model
hltfrconv,549,11,Other,2,Parameter,hltfrconv : Other Model
hltfrpeaklevel,550,11,Other,2,Parameter,hltfrpeaklevel : Other Model
govrevm,450,3,Economy,2,Parameter,govrevm : Economy Model
govrevtrgtval,,3,Economy,2,Parameter,govrevtrgtval : Economy Model
govrevtrgtyr,,3,Economy,2,Parameter,govrevtrgtyr : Economy Model
HLYLD,553,11,Other,1,Variable,HLYLD : Other Model
HLYLDWORK,554,11,Other,1,Variable,HLYLDWORK : Other Model
HLYLL,555,11,Other,1,Variable,HLYLL : Other Model
HLYLLWORK,556,11,Other,1,Variable,HLYLLWORK : Other Model
GRAMSPC,1203,1,Agriculture,1,Variable,GRAMSPC : Agriculture Model
ICTBROAD,562,11,Other,1,Variable,ICTBROAD : Other Model
ICTBROADCOST,563,11,Other,1,Variable,ICTBROADCOST : Other Model
GS,457,3,Economy,1,Variable,GS : Economy Model
HDI,458,9,Sociopolitical,1,Variable,HDI : Sociopolitical Model
HDI21STFIX,459,9,Sociopolitical,1,Variable,HDI21STFIX : Sociopolitical Model
hdiedslemaxun,1388,9,Sociopolitical,2,Parameter,hdiedslemaxun : Sociopolitical Model
hdiedsleminun,1389,9,Sociopolitical,2,Parameter,hdiedsleminun : Sociopolitical Model
hdiedyrsmaxun,1386,9,Sociopolitical,2,Parameter,hdiedyrsmaxun : Sociopolitical Model
hdiedyrsminun,1391,9,Sociopolitical,2,Parameter,hdiedyrsminun : Sociopolitical Model
HDIFLOAT,460,9,Sociopolitical,1,Variable,HDIFLOAT : Sociopolitical Model
hdigdppcmax,461,9,Sociopolitical,2,Parameter,hdigdppcmax : Sociopolitical Model
hdigdppcmaxun,1385,9,Sociopolitical,2,Parameter,hdigdppcmaxun : Sociopolitical Model
hdigdppcminun,1392,9,Sociopolitical,2,Parameter,hdigdppcminun : Sociopolitical Model
hdilifemax,462,9,Sociopolitical,2,Parameter,hdilifemax : Sociopolitical Model
hdilifemaxf,463,9,Sociopolitical,2,Parameter,hdilifemaxf : Sociopolitical Model
hdilifemaxun,1387,9,Sociopolitical,2,Parameter,hdilifemaxun : Sociopolitical Model
hdilifeminun,1390,9,Sociopolitical,2,Parameter,hdilifeminun : Sociopolitical Model
HDIMF,1357,9,Sociopolitical,1,Variable,HDIMF : Sociopolitical Model
HDINEW,464,9,Sociopolitical,1,Variable,HDINEW : Sociopolitical Model
HHDIVINT,465,3,Economy,1,Variable,HHDIVINT : Economy Model
HHGOVSS,466,3,Economy,1,Variable,HHGOVSS : Economy Model
HHINC,467,3,Economy,1,Variable,HHINC : Economy Model
HHINCDIS,1317,3,Economy,1,Variable,HHINCDIS : Economy Model
HHINCDISPC,1315,3,Economy,1,Variable,HHINCDISPC : Economy Model
HHINCEARN,1316,3,Economy,1,Variable,HHINCEARN : Economy Model
HHINCPC,468,3,Economy,1,Variable,HHINCPC : Economy Model
HHPOP,469,3,Economy,1,Variable,HHPOP : Economy Model
HHRETIRENEED,470,3,Economy,1,Variable,HHRETIRENEED : Economy Model
HHSAV,471,3,Economy,1,Variable,HHSAV : Economy Model
hhsaveneedrat,472,2,Demography,1,Variable,hhsaveneedrat : Demography Model
HHSAVNEEDSTOCK,473,3,Economy,1,Variable,HHSAVNEEDSTOCK : Economy Model
HHSAVSTOCK,474,3,Economy,1,Variable,HHSAVSTOCK : Economy Model
HHSAVSURSTOCK,475,3,Economy,1,Variable,HHSAVSURSTOCK : Economy Model
HHSIZE,476,2,Demography,1,Variable,HHSIZE : Demography Model
hhsizem,477,2,Demography,2,Parameter,hhsizem : Demography Model
HHTAX,478,3,Economy,1,Variable,HHTAX : Economy Model
HHTAXR,479,3,Economy,1,Variable,HHTAXR : Economy Model
hhtaxrm,480,3,Economy,2,Parameter,hhtaxrm : Economy Model
HHTOTAL,481,2,Demography,1,Variable,HHTOTAL : Demography Model
HIVCASES,483,2,Demography,1,Variable,HIVCASES : Demography Model
hivincr,485,2,Demography,2,Parameter,hivincr : Demography Model
hivm,486,2,Demography,2,Parameter,hivm : Demography Model
hivpeakr,489,2,Demography,2,Parameter,hivpeakr : Demography Model
hivpeakyr,490,2,Demography,2,Parameter,hivpeakyr : Demography Model
HIVRATE,491,2,Demography,1,Variable,HIVRATE : Demography Model
hivtadvr,492,2,Demography,2,Parameter,hivtadvr : Demography Model
ictbroadcostm,565,11,Other,2,Parameter,ictbroadcostm : Other Model
ICTBROADDEM,567,11,Other,1,Variable,ICTBROADDEM : Other Model
ictbroadfromtelem,568,11,Other,2,Parameter,ictbroadfromtelem : Other Model
ictbroadm,570,11,Other,2,Parameter,ictbroadm : Other Model
ICTBROADMOBIL,571,11,Other,1,Variable,ICTBROADMOBIL : Other Model
ICTBROADMOBILCOST,572,11,Other,1,Variable,ICTBROADMOBILCOST : Other Model
ictbroadmobilcostm,574,11,Other,2,Parameter,ictbroadmobilcostm : Other Model
ICTBROADMOBILDEM,576,11,Other,1,Variable,ICTBROADMOBILDEM : Other Model
ictbroadmobilm,578,11,Other,2,Parameter,ictbroadmobilm : Other Model
ictbroadmobilsetar,579,11,Other,2,Parameter,ictbroadmobilsetar : Other Model
ictbroadmobilseyrtar,580,11,Other,2,Parameter,ictbroadmobilseyrtar : Other Model
ictbroadmobiltechighrt,581,11,Other,2,Parameter,ictbroadmobiltechighrt : Other Model
ictbroadmobiltecinflection,582,11,Other,2,Parameter,ictbroadmobiltecinflection : Other Model
ictbroadmobilteclowrt,583,11,Other,2,Parameter,ictbroadmobilteclowrt : Other Model
ictbroadmobiltrgtval,584,11,Other,2,Parameter,ictbroadmobiltrgtval : Other Model
ictbroadmobiltrgtyr,585,11,Other,2,Parameter,ictbroadmobiltrgtyr : Other Model
ictbroadsetar,586,11,Other,2,Parameter,ictbroadsetar : Other Model
ictbroadseyrtar,587,11,Other,2,Parameter,ictbroadseyrtar : Other Model
ictbroadtechighrt,588,11,Other,2,Parameter,ictbroadtechighrt : Other Model
ictbroadtecinflection,589,11,Other,2,Parameter,ictbroadtecinflection : Other Model
ictbroadteclowrt,590,11,Other,2,Parameter,ictbroadteclowrt : Other Model
ictbroadtrgtval,591,11,Other,2,Parameter,ictbroadtrgtval : Other Model
ictbroadtrgtyr,592,11,Other,2,Parameter,ictbroadtrgtyr : Other Model
ictbroadurimpmax,593,11,Other,2,Parameter,ictbroadurimpmax : Other Model
ictbroadurimpmin,594,11,Other,2,Parameter,ictbroadurimpmin : Other Model
ICTCOMPUTERS,595,11,Other,1,Variable,ICTCOMPUTERS : Other Model
ictcomputerstechighrt,596,11,Other,2,Parameter,ictcomputerstechighrt : Other Model
ictcomputerstecinflection,597,11,Other,2,Parameter,ictcomputerstecinflection : Other Model
ictcomputersteclowrt,598,11,Other,2,Parameter,ictcomputersteclowrt : Other Model
ICTINDEX,599,11,Other,1,Variable,ICTINDEX : Other Model
ICTMOBIL,601,11,Other,1,Variable,ICTMOBIL : Other Model
ICTMOBILCOST,602,11,Other,1,Variable,ICTMOBILCOST : Other Model
ictmobilcostm,604,11,Other,2,Parameter,ictmobilcostm : Other Model
ICTMOBILDEM,606,11,Other,1,Variable,ICTMOBILDEM : Other Model
ictmobilsaturation,608,11,Other,2,Parameter,ictmobilsaturation : Other Model
ictmobilsetar,609,11,Other,2,Parameter,ictmobilsetar : Other Model
ictmobilseyrtar,610,11,Other,2,Parameter,ictmobilseyrtar : Other Model
ictmobiltechighrt,611,11,Other,2,Parameter,ictmobiltechighrt : Other Model
ictmobiltecinflection,612,11,Other,2,Parameter,ictmobiltecinflection : Other Model
ictmobilteclowrt,613,11,Other,2,Parameter,ictmobilteclowrt : Other Model
ICTSPEND,615,11,Other,1,Variable,ICTSPEND : Other Model
ictspendm,616,11,Other,2,Parameter,ictspendm : Other Model
INFRABUDDEMMNT,634,11,Other,1,Variable,INFRABUDDEMMNT : Other Model
INFRABUDDEMNEW,635,11,Other,1,Variable,INFRABUDDEMNEW : Other Model
INFRAELEC,639,11,Other,1,Variable,INFRAELEC : Other Model
INFRAELECACC,640,11,Other,1,Variable,INFRAELECACC : Other Model
INFRAELECACCDEM,641,11,Other,1,Variable,INFRAELECACCDEM : Other Model
infraelecaccm,642,11,Other,2,Parameter,infraelecaccm : Other Model
INFRAELECACCRURALCOST,643,11,Other,1,Variable,INFRAELECACCRURALCOST : Other Model
infraelecaccruralcostm,645,11,Other,2,Parameter,infraelecaccruralcostm : Other Model
hlstuntyrs,1300,2,Demography,2,Parameter,hlstuntyrs : Demography Model
infraelecaccsetar,648,11,Other,2,Parameter,infraelecaccsetar : Other Model
infraelecaccseyrtar,649,11,Other,2,Parameter,infraelecaccseyrtar : Other Model
infraelecacctrgtval,650,11,Other,2,Parameter,infraelecacctrgtval : Other Model
infraelecacctrgtyr,651,11,Other,2,Parameter,infraelecacctrgtyr : Other Model
INFRAELECACCURBANCOST,652,11,Other,1,Variable,INFRAELECACCURBANCOST : Other Model
infraelecaccurbancostm,654,11,Other,2,Parameter,infraelecaccurbancostm : Other Model
INFRAELECADJFACT,657,11,Other,1,Variable,INFRAELECADJFACT : Other Model
INFRAELECCONSPRODRATIO,660,11,Other,1,Variable,INFRAELECCONSPRODRATIO : Other Model
INFRAELECGENCAP,661,11,Other,1,Variable,INFRAELECGENCAP : Other Model
INFRAELECGENCAPDEM,662,11,Other,1,Variable,INFRAELECGENCAPDEM : Other Model
HPI1,557,9,Sociopolitical,1,Variable,HPI1 : Sociopolitical Model
infraelecgencapm,664,11,Other,2,Parameter,infraelecgencapm : Other Model
INFRAELECGENCOST,665,11,Other,1,Variable,INFRAELECGENCOST : Other Model
I,559,3,Economy,1,Variable,I : Economy Model
IALK,560,1,Agriculture,2,Parameter,IALK : Agriculture Model
infraelecgencostm,667,11,Other,2,Parameter,infraelecgencostm : Other Model
INFRAELECPROD,670,11,Other,1,Variable,INFRAELECPROD : Other Model
INFRAELECTRANLOSS,671,11,Other,1,Variable,INFRAELECTRANLOSS : Other Model
infraelectranlossm,672,11,Other,2,Parameter,infraelectranlossm : Other Model
INFRAINDELEC,674,11,Other,1,Variable,INFRAINDELEC : Other Model
INFRAINDELECCOMPMEANI,675,11,Other,1,Variable,INFRAINDELECCOMPMEANI : Other Model
INFRAINDELECCOMPSDI,676,11,Other,1,Variable,INFRAINDELECCOMPSDI : Other Model
infraindeleccompwt,677,11,Other,2,Parameter,infraindeleccompwt : Other Model
INFRAINDICT,678,11,Other,1,Variable,INFRAINDICT : Other Model
infraindictcompwt,679,11,Other,2,Parameter,infraindictcompwt : Other Model
INFRAINDICTDEM,680,11,Other,1,Variable,INFRAINDICTDEM : Other Model
INFRAINDICTZ,681,11,Other,1,Variable,INFRAINDICTZ : Other Model
INFRAINDICTZCOMPMEANI,682,11,Other,1,Variable,INFRAINDICTZCOMPMEANI : Other Model
INFRAINDICTZCOMPSDI,683,11,Other,1,Variable,INFRAINDICTZCOMPSDI : Other Model
infraindictzcompwt,684,11,Other,2,Parameter,infraindictzcompwt : Other Model
INFRAINDTRAD,685,11,Other,1,Variable,INFRAINDTRAD : Other Model
INFRAINDTRADDEM,689,11,Other,1,Variable,INFRAINDTRADDEM : Other Model
INFRAINDTRADEXP,690,11,Other,1,Variable,INFRAINDTRADEXP : Other Model
INFRAINDTRAN,691,11,Other,1,Variable,INFRAINDTRAN : Other Model
INFRAINDTRANCOMPMEANI,692,11,Other,1,Variable,INFRAINDTRANCOMPMEANI : Other Model
INFRAINDTRANCOMPSDI,693,11,Other,1,Variable,INFRAINDTRANCOMPSDI : Other Model
infraindtrancompwt,694,11,Other,2,Parameter,infraindtrancompwt : Other Model
INFRAINDWATSAN,695,11,Other,1,Variable,INFRAINDWATSAN : Other Model
INFRAINDWATSANCOMPMEANI,696,11,Other,1,Variable,INFRAINDWATSANCOMPMEANI : Other Model
INFRAINDWATSANCOMPSDI,697,11,Other,1,Variable,INFRAINDWATSANCOMPSDI : Other Model
infraindwatsancompwt,698,11,Other,2,Parameter,infraindwatsancompwt : Other Model
INFRAINVESTMAINT,699,11,Other,1,Variable,INFRAINVESTMAINT : Other Model
INFRAINVESTMAINTPUB,700,11,Other,1,Variable,INFRAINVESTMAINTPUB : Other Model
INFRAINVESTNEW,701,11,Other,1,Variable,INFRAINVESTNEW : Other Model
INFRAINVESTNEWPUB,702,11,Other,1,Variable,INFRAINVESTNEWPUB : Other Model
infrainvmaintpubshrm,703,11,Other,2,Parameter,infrainvmaintpubshrm : Other Model
infrainvnewpubshrm,704,11,Other,2,Parameter,infrainvnewpubshrm : Other Model
INFRANET,706,11,Other,1,Variable,INFRANET : Other Model
infranetm,707,11,Other,2,Parameter,infranetm : Other Model
INFRAROAD,710,11,Other,1,Variable,INFRAROAD : Other Model
INFRAROADDEM,711,11,Other,1,Variable,INFRAROADDEM : Other Model
infraroadm,712,11,Other,2,Parameter,infraroadm : Other Model
INFRAROADPAVEDCOST,713,11,Other,1,Variable,INFRAROADPAVEDCOST : Other Model
infraroadpavedcostm,715,11,Other,2,Parameter,infraroadpavedcostm : Other Model
INFRAROADPAVEDPCNT,718,11,Other,1,Variable,INFRAROADPAVEDPCNT : Other Model
INFRAROADPAVEDPCNTDEM,719,11,Other,1,Variable,INFRAROADPAVEDPCNTDEM : Other Model
infraroadpavedpcntm,720,11,Other,2,Parameter,infraroadpavedpcntm : Other Model
INFRAROADRAI,721,11,Other,1,Variable,INFRAROADRAI : Other Model
INFRAROADRAIDEM,722,11,Other,1,Variable,INFRAROADRAIDEM : Other Model
infraroadraisetar,723,11,Other,2,Parameter,infraroadraisetar : Other Model
infraroadraiseyrtar,724,11,Other,2,Parameter,infraroadraiseyrtar : Other Model
infraroadraitrgtval,725,11,Other,2,Parameter,infraroadraitrgtval : Other Model
infraroadraitrgtyr,726,11,Other,2,Parameter,infraroadraitrgtyr : Other Model
INFRAROADTOTAL,727,11,Other,1,Variable,INFRAROADTOTAL : Other Model
INFRAROADUNPAVEDCOST,728,11,Other,1,Variable,INFRAROADUNPAVEDCOST : Other Model
infraroadunpavedcostm,730,11,Other,2,Parameter,infraroadunpavedcostm : Other Model
INFRATELE,733,11,Other,1,Variable,INFRATELE : Other Model
INFRATELECOST,734,11,Other,1,Variable,INFRATELECOST : Other Model
infratelecostm,736,11,Other,2,Parameter,infratelecostm : Other Model
INFRATELEDEM,738,11,Other,1,Variable,INFRATELEDEM : Other Model
infrateledtfp,739,11,Other,2,Parameter,infrateledtfp : Other Model
infratelem,741,11,Other,2,Parameter,infratelem : Other Model
INFRATELEOLD,742,11,Other,1,Variable,INFRATELEOLD : Other Model
keqshr,748,11,Other,2,Parameter,keqshr : Other Model
KNENVINDEX,749,11,Other,1,Variable,KNENVINDEX : Other Model
KNEXTINDEX,750,11,Other,1,Variable,KNEXTINDEX : Other Model
KNHCINDEX,751,11,Other,1,Variable,KNHCINDEX : Other Model
KNICTINDEX,752,11,Other,1,Variable,KNICTINDEX : Other Model
KNINNOVINDEX,753,11,Other,1,Variable,KNINNOVINDEX : Other Model
KNOWSOC,754,11,Other,1,Variable,KNOWSOC : Other Model
KNTOTALINDEX,755,11,Other,1,Variable,KNTOTALINDEX : Other Model
LANDAREA,763,11,Other,1,Variable,LANDAREA : Other Model
LANDIRAREAEQUIP,764,11,Other,1,Variable,LANDIRAREAEQUIP : Other Model
IDS,617,3,Economy,1,Variable,IDS : Economy Model
idsm,1500,3,Economy,2,Parameter,idsm : Economy Model
LANDIRAREAEQUIPDEM,765,11,Other,1,Variable,LANDIRAREAEQUIPDEM : Other Model
landirareaequipm,766,11,Other,2,Parameter,landirareaequipm : Other Model
IGCF,618,3,Economy,1,Variable,IGCF : Economy Model
igdpr,619,3,Economy,2,Parameter,igdpr : Economy Model
LANDIRAREASAT,767,11,Other,1,Variable,LANDIRAREASAT : Other Model
INAG,622,1,Agriculture,1,Variable,INAG : Agriculture Model
INCOMELT110LN,1174,9,Sociopolitical,1,Variable,INCOMELT110LN : Sociopolitical Model
INCOMELT125CS2005,623,9,Sociopolitical,1,Variable,INCOMELT125CS2005 : Sociopolitical Model
INCOMELT125LN2005,624,9,Sociopolitical,1,Variable,INCOMELT125LN2005 : Sociopolitical Model
INCOMELT190LN,1175,9,Sociopolitical,1,Variable,INCOMELT190LN : Sociopolitical Model
INCOMELT200CS2005,625,9,Sociopolitical,1,Variable,INCOMELT200CS2005 : Sociopolitical Model
INCOMELT200LN2005,626,9,Sociopolitical,1,Variable,INCOMELT200LN2005 : Sociopolitical Model
INCOMELT310LN,1272,9,Sociopolitical,1,Variable,INCOMELT310LN : Sociopolitical Model
incpovlev,627,3,Economy,2,Parameter,incpovlev : Economy Model
INDEM,628,1,Agriculture,1,Variable,INDEM : Agriculture Model
indemm,1283,1,Agriculture,2,Parameter,indemm : Agriculture Model
INDIRECTTAX,629,3,Economy,1,Variable,INDIRECTTAX : Economy Model
INDIRECTTAXR,630,3,Economy,1,Variable,INDIRECTTAXR : Economy Model
indirecttaxrm,631,3,Economy,2,Parameter,indirecttaxrm : Economy Model
LANDIRCOST,768,11,Other,1,Variable,LANDIRCOST : Other Model
INFMOR,632,2,Demography,1,Variable,INFMOR : Demography Model
infmormax,633,9,Sociopolitical,2,Parameter,infmormax : Sociopolitical Model
landircostm,770,11,Other,2,Parameter,landircostm : Other Model
mfphlyld,824,11,Other,2,Parameter,mfphlyld : Other Model
SANITATION,927,11,Other,1,Variable,SANITATION : Other Model
SANITATIONCOST,928,11,Other,1,Variable,SANITATIONCOST : Other Model
sanitationcostm,930,11,Other,2,Parameter,sanitationcostm : Other Model
SANITATIONDEM,932,11,Other,1,Variable,SANITATIONDEM : Other Model
SANITATIONIMPCOST,933,11,Other,1,Variable,SANITATIONIMPCOST : Other Model
sanitationimpcostm,935,11,Other,2,Parameter,sanitationimpcostm : Other Model
sanitationm,939,11,Other,2,Parameter,sanitationm : Other Model
sanitationtrgtval,940,11,Other,2,Parameter,sanitationtrgtval : Other Model
sanitationtrgtyr,941,11,Other,2,Parameter,sanitationtrgtyr : Other Model
sanithldsw,943,11,Other,2,Parameter,sanithldsw : Other Model
sanitnoconsetar,945,11,Other,2,Parameter,sanitnoconsetar : Other Model
sanitnoconseyrtar,946,11,Other,2,Parameter,sanitnoconseyrtar : Other Model
savingsdiscountrt,948,11,Other,2,Parameter,savingsdiscountrt : Other Model
sfmassrep,957,11,Other,2,Parameter,sfmassrep : Other Model
SWINGSTS,969,11,Other,1,Variable,SWINGSTS : Other Model
tgrld,984,11,Other,1,Variable,tgrld : Other Model
TGRYL,985,11,Other,1,Variable,TGRYL : Other Model
vehicflpcm,1011,11,Other,2,Parameter,vehicflpcm : Other Model
watres,1017,11,Other,2,Parameter,watres : Other Model
WATSAFE,1018,11,Other,1,Variable,WATSAFE : Other Model
WATSAFECOST,1019,11,Other,1,Variable,WATSAFECOST : Other Model
watsafecostm,1021,11,Other,2,Parameter,watsafecostm : Other Model
WATSAFEDEM,1023,11,Other,1,Variable,WATSAFEDEM : Other Model
WATSAFEIMPCOST,1026,11,Other,1,Variable,WATSAFEIMPCOST : Other Model
watsafeimpcostm,1028,11,Other,2,Parameter,watsafeimpcostm : Other Model
watsafem,1032,11,Other,2,Parameter,watsafem : Other Model
watsafenoconsetar,1033,11,Other,2,Parameter,watsafenoconsetar : Other Model
watsafenoconseyrtar,1034,11,Other,2,Parameter,watsafenoconseyrtar : Other Model
watsafetrgtval,1035,11,Other,2,Parameter,watsafetrgtval : Other Model
watsafetrgtyr,1036,11,Other,2,Parameter,watsafetrgtyr : Other Model
watsafhldsw,1037,11,Other,2,Parameter,watsafhldsw : Other Model
WATUSE,1038,11,Other,1,Variable,WATUSE : Other Model
WATUSEPC,1039,11,Other,1,Variable,WATUSEPC : Other Model
WATWASTE,1040,11,Other,1,Variable,WATWASTE : Other Model
watwastem,1041,11,Other,2,Parameter,watwastem : Other Model
WATWASTETREAT,1042,11,Other,1,Variable,WATWASTETREAT : Other Model
WATWASTETREATCOST,1043,11,Other,1,Variable,WATWASTETREATCOST : Other Model
watwastetreatcostm,1045,11,Other,2,Parameter,watwastetreatcostm : Other Model
WATWASTETREATDEM,1047,11,Other,1,Variable,WATWASTETREATDEM : Other Model
watwastetreatlife,1048,11,Other,2,Parameter,watwastetreatlife : Other Model
watwastetreatm,1049,11,Other,2,Parameter,watwastetreatm : Other Model
watwastetreatsetar,1050,11,Other,2,Parameter,watwastetreatsetar : Other Model
watwastetreatseyrtar,1051,11,Other,2,Parameter,watwastetreatseyrtar : Other Model
HLCOST,1165,11,Other,1,Variable,HLCOST : Other Model
HLCOSTLE,1166,11,Other,1,Variable,HLCOSTLE : Other Model
HLCOSTMORB,1167,11,Other,1,Variable,HLCOSTMORB : Other Model
HLCOSTMORT,1168,11,Other,1,Variable,HLCOSTMORT : Other Model
HLCOSTOTHER,1169,11,Other,1,Variable,HLCOSTOTHER : Other Model
HLEXPEND,1170,11,Other,1,Variable,HLEXPEND : Other Model
HLEXPENDPRIV,1171,11,Other,1,Variable,HLEXPENDPRIV : Other Model
hlcostleyrper,1178,11,Other,2,Parameter,hlcostleyrper : Other Model
hlcostletime,1179,11,Other,2,Parameter,hlcostletime : Other Model
HLCOSTLESUB,1180,11,Other,1,Variable,HLCOSTLESUB : Other Model
hlcostotherrattarget,1181,11,Other,2,Parameter,hlcostotherrattarget : Other Model
hlcostotherrattargetconv,1182,11,Other,2,Parameter,hlcostotherrattargetconv : Other Model
WATDEMAND,1184,11,Other,1,Variable,WATDEMAND : Other Model
WASTEWATERSUPPLY,1185,11,Other,1,Variable,WASTEWATERSUPPLY : Other Model
WATERDESALINATED,1186,11,Other,1,Variable,WATERDESALINATED : Other Model
WATERRESFOSSIL,1187,11,Other,1,Variable,WATERRESFOSSIL : Other Model
WATERTOTALSUPPLY,1188,11,Other,1,Variable,WATERTOTALSUPPLY : Other Model
WATERWITHDRAWAL,1189,11,Other,1,Variable,WATERWITHDRAWAL : Other Model
WATRESEXPLOITRENEW,1190,11,Other,1,Variable,WATRESEXPLOITRENEW : Other Model
wastewaterportiontreated,1192,11,Other,2,Parameter,wastewaterportiontreated : Other Model
waterdesalinatedgr,1194,11,Other,2,Parameter,waterdesalinatedgr : Other Model
waterdesalinatedm,1195,11,Other,2,Parameter,waterdesalinatedm : Other Model
waterefficiencym,1196,11,Other,2,Parameter,waterefficiencym : Other Model
waterwithdrawalm,1197,11,Other,2,Parameter,waterwithdrawalm : Other Model
watresexploitrenewm,1198,11,Other,2,Parameter,watresexploitrenewm : Other Model
ifsexomodelid,1201,11,Other,2,Parameter,ifsexomodelid : Other Model
HTCTPI,1308,11,Other,1,Variable,HTCTPI : Other Model
HTCGRI,1309,11,Other,1,Variable,HTCGRI : Other Model
LANDIRAREAACTUAL,1320,11,Other,1,Variable,LANDIRAREAACTUAL : Other Model
landirareaactualm,1321,11,Other,2,Parameter,landirareaactualm : Other Model
HLSTUNTWORK,1322,11,Other,1,Variable,HLSTUNTWORK : Other Model
edseclowrgram,1325,11,Other,2,Parameter,edseclowrgram : Other Model
edseclowrgratrgtyr,1326,11,Other,2,Parameter,edseclowrgratrgtyr : Other Model
INTR,743,3,Economy,1,Variable,INTR : Economy Model
invm,744,3,Economy,2,Parameter,invm : Economy Model
INVS,745,3,Economy,1,Variable,INVS : Economy Model
IRA,746,3,Economy,1,Variable,IRA : Economy Model
KAG,747,1,Agriculture,1,Variable,KAG : Agriculture Model
edsecupprgram,1328,11,Other,2,Parameter,edsecupprgram : Other Model
edsecupprgratrgtyr,1329,11,Other,2,Parameter,edsecupprgratrgtyr : Other Model
wastewatertreatedm,1334,11,Other,2,Parameter,wastewatertreatedm : Other Model
waterrenewconverge,1335,11,Other,2,Parameter,waterrenewconverge : Other Model
KS,756,3,Economy,1,Variable,KS : Economy Model
LAB,757,3,Economy,1,Variable,LAB : Economy Model
LABCOEFFS,1359,3,Economy,1,Variable,LABCOEFFS : Economy Model
labcoeffsm,1374,3,Economy,2,Parameter,labcoeffsm : Economy Model
LABDEMS,1366,3,Economy,1,Variable,LABDEMS : Economy Model
labdemsm,1375,3,Economy,2,Parameter,labdemsm : Economy Model
LABEMPS,1448,3,Economy,1,Variable,LABEMPS : Economy Model
labfemshrm,758,2,Demography,2,Parameter,labfemshrm : Demography Model
labinformcoeffbus,,7,Infrastructure,2,Parameter,labinformcoeffbus : Infrastructure Model
labinformcoeffed,,7,Infrastructure,2,Parameter,labinformcoeffed : Infrastructure Model
labinformcoeffhhtrn,,7,Infrastructure,2,Parameter,labinformcoeffhhtrn : Infrastructure Model
labinformcoeffintercept,,7,Infrastructure,2,Parameter,labinformcoeffintercept : Infrastructure Model
labinformcoefftax,,7,Infrastructure,2,Parameter,labinformcoefftax : Infrastructure Model
LABINFORMPCNTINF,,3,Economy,1,Variable,LABINFORMPCNTINF : Economy Model
LABINFORMPCNTNONINF,,3,Economy,1,Variable,LABINFORMPCNTNONINF : Economy Model
LABINFORMSHR,,3,Economy,1,Variable,LABINFORMSHR : Economy Model
labinformshrm,,3,Economy,2,Parameter,labinformshrm : Economy Model
labmarketsw,1367,3,Economy,2,Parameter,labmarketsw : Economy Model
labparm,1348,3,Economy,2,Parameter,labparm : Economy Model
LABPARR,1347,3,Economy,1,Variable,LABPARR : Economy Model
labretagem,759,2,Demography,2,Parameter,labretagem : Demography Model
LABS,760,3,Economy,1,Variable,LABS : Economy Model
LABSUP,761,3,Economy,1,Variable,LABSUP : Economy Model
LABUNEMPR,1349,3,Economy,1,Variable,LABUNEMPR : Economy Model
labwageincfac,1501,3,Economy,2,Parameter,labwageincfac : Economy Model
LABWAGEIND,1353,3,Economy,1,Variable,LABWAGEIND : Economy Model
LABWAGES,1449,3,Economy,1,Variable,LABWAGES : Economy Model
LABWAGESEXRAT,1354,3,Economy,1,Variable,LABWAGESEXRAT : Economy Model
LABWAGESSHRSKL,1452,3,Economy,1,Variable,LABWAGESSHRSKL : Economy Model
landarablepot,762,1,Agriculture,2,Parameter,landarablepot : Agriculture Model
watdemandelas,1413,11,Other,2,Parameter,watdemandelas : Other Model
landirareaequipelas,1414,11,Other,2,Parameter,landirareaequipelas : Other Model
druguseamphetaminem,1421,11,Other,2,Parameter,druguseamphetaminem : Other Model
drugusecocainem,1422,11,Other,2,Parameter,drugusecocainem : Other Model
druguseopiatesm,1423,11,Other,2,Parameter,druguseopiatesm : Other Model
druguseprescriptopioidm,1424,11,Other,2,Parameter,druguseprescriptopioidm : Other Model
SVDTHSPOLICS,1427,11,Other,1,Variable,SVDTHSPOLICS : Other Model
SVDTHSWOMENCHILDREN,1428,11,Other,1,Variable,SVDTHSWOMENCHILDREN : Other Model
SVDTHSOTHERINTERPERSON,1429,11,Other,1,Variable,SVDTHSOTHERINTERPERSON : Other Model
SOCIETALVIOLENCEDEATHS,1430,11,Other,1,Variable,SOCIETALVIOLENCEDEATHS : Other Model
LAPOPR,773,3,Economy,1,Variable,LAPOPR : Economy Model
lapoprm,774,3,Economy,2,Parameter,lapoprm : Economy Model
LD,775,1,Agriculture,1,Variable,LD : Agriculture Model
ldcropm,776,1,Agriculture,2,Parameter,ldcropm : Agriculture Model
LIFEXP,779,2,Demography,1,Variable,LIFEXP : Demography Model
LIFEXPHLM,780,2,Demography,1,Variable,LIFEXPHLM : Demography Model
lifexpmin,781,9,Sociopolitical,2,Parameter,lifexpmin : Sociopolitical Model
lintr,782,3,Economy,2,Parameter,lintr : Economy Model
LIQUIDITY,783,3,Economy,1,Variable,LIQUIDITY : Economy Model
LIT,784,4,Education,1,Variable,LIT : Education Model
livhdpro,785,1,Agriculture,2,Parameter,livhdpro : Agriculture Model
lke,786,5,Energy,2,Parameter,lke : Energy Model
lks,787,3,Economy,1,Variable,lks : Economy Model
lvcf,790,1,Agriculture,2,Parameter,lvcf : Agriculture Model
LVHERD,791,1,Agriculture,1,Variable,LVHERD : Agriculture Model
M,792,3,Economy,1,Variable,M : Economy Model
malelimprecisesw,1296,1,Agriculture,2,Parameter,malelimprecisesw : Agriculture Model
malemigr,793,2,Demography,2,Parameter,malemigr : Demography Model
MALNCHIL,794,2,Demography,1,Variable,MALNCHIL : Demography Model
MALNCHP,795,2,Demography,1,Variable,MALNCHP : Demography Model
MALNCHPSAM,1273,2,Demography,1,Variable,MALNCHPSAM : Demography Model
malnchpsamadj,1291,2,Demography,2,Parameter,malnchpsamadj : Demography Model
MALNCHPSAMINC,1293,2,Demography,1,Variable,MALNCHPSAMINC : Demography Model
malnchpsamm,1274,2,Demography,2,Parameter,malnchpsamm : Demography Model
malnchpsamtostunt,1279,2,Demography,2,Parameter,malnchpsamtostunt : Demography Model
MALNCHPSH,796,2,Demography,1,Variable,MALNCHPSH : Demography Model
malnconv,797,2,Demography,2,Parameter,malnconv : Demography Model
malnelimtargetyr,1295,1,Agriculture,2,Parameter,malnelimtargetyr : Agriculture Model
malnhldsw,798,2,Demography,2,Parameter,malnhldsw : Demography Model
malnm,799,2,Demography,2,Parameter,malnm : Demography Model
MALNPOPP,800,2,Demography,1,Variable,MALNPOPP : Demography Model
MATPOSTR,801,9,Sociopolitical,1,Variable,MATPOSTR : Sociopolitical Model
matpostradd,802,9,Sociopolitical,2,Parameter,matpostradd : Sociopolitical Model
meatmax,803,1,Agriculture,2,Parameter,meatmax : Agriculture Model
mfpadd,804,3,Economy,2,Parameter,mfpadd : Economy Model
MFPBAS,805,3,Economy,1,Variable,MFPBAS : Economy Model
mfpbasgr,806,3,Economy,2,Parameter,mfpbasgr : Economy Model
mfpbasinc,807,3,Economy,2,Parameter,mfpbasinc : Economy Model
mfpconflict,808,3,Economy,2,Parameter,mfpconflict : Economy Model
mfpconv,809,3,Economy,2,Parameter,mfpconv : Economy Model
mfpconv2,810,3,Economy,2,Parameter,mfpconv2 : Economy Model
MFPCOR,811,3,Economy,1,Variable,MFPCOR : Economy Model
MFPCORS,1183,3,Economy,1,Variable,MFPCORS : Economy Model
mfpdemoc,812,3,Economy,2,Parameter,mfpdemoc : Economy Model
mfpeconint,813,3,Economy,2,Parameter,mfpeconint : Economy Model
mfpedlifexp,814,3,Economy,2,Parameter,mfpedlifexp : Economy Model
mfpedspn,815,3,Economy,2,Parameter,mfpedspn : Economy Model
mfpedyrs,816,3,Economy,2,Parameter,mfpedyrs : Economy Model
mfpefree,817,3,Economy,2,Parameter,mfpefree : Economy Model
mfpfree,819,3,Economy,2,Parameter,mfpfree : Economy Model
mfpgovcor,820,3,Economy,2,Parameter,mfpgovcor : Economy Model
mfpgoveff,821,3,Economy,2,Parameter,mfpgoveff : Economy Model
MFPHC,822,3,Economy,1,Variable,MFPHC : Economy Model
mfpinfrindict,827,3,Economy,2,Parameter,mfpinfrindict : Economy Model
mfpinfrindtrad,828,3,Economy,2,Parameter,mfpinfrindtrad : Economy Model
mfpiospn,1502,3,Economy,2,Parameter,mfpiospn : Economy Model
MFPKN,832,3,Economy,1,Variable,MFPKN : Economy Model
mfpleadr,833,3,Economy,2,Parameter,mfpleadr : Economy Model
MFPPC,835,3,Economy,1,Variable,MFPPC : Economy Model
MFPPCDEM,836,3,Economy,1,Variable,MFPPCDEM : Economy Model
mfprandd,837,3,Economy,2,Parameter,mfprandd : Economy Model
MFPRATE,838,3,Economy,1,Variable,MFPRATE : Economy Model
MFPRATET,839,3,Economy,1,Variable,MFPRATET : Economy Model
MFPSC,840,3,Economy,1,Variable,MFPSC : Economy Model
MFPSCCONFL,841,3,Economy,1,Variable,MFPSCCONFL : Economy Model
mfpstunt,842,3,Economy,2,Parameter,mfpstunt : Economy Model
MFPTOT,843,3,Economy,1,Variable,MFPTOT : Economy Model
MIGRANTS,845,2,Demography,1,Variable,MIGRANTS : Demography Model
MIGRANTSFORCEDOUT,1401,2,Demography,1,Variable,MIGRANTSFORCEDOUT : Demography Model
MIGRANTSFORCEDRETURN,1402,2,Demography,1,Variable,MIGRANTSFORCEDRETURN : Demography Model
MIGRANTSIN,1378,2,Demography,1,Variable,MIGRANTSIN : Demography Model
MIGRANTSOUT,1377,2,Demography,1,Variable,MIGRANTSOUT : Demography Model
MIGRANTSVOLIN,1404,2,Demography,1,Variable,MIGRANTSVOLIN : Demography Model
MIGRANTSVOLOUT,1403,2,Demography,1,Variable,MIGRANTSVOLOUT : Demography Model
MIGRATE,846,2,Demography,1,Variable,MIGRATE : Demography Model
migratebalancesw,1384,3,Economy,2,Parameter,migratebalancesw : Economy Model
MIGRATEIN,1380,2,Demography,1,Variable,MIGRATEIN : Demography Model
migrateinm,1382,2,Demography,2,Parameter,migrateinm : Demography Model
MIGRATEOUT,1379,2,Demography,1,Variable,MIGRATEOUT : Demography Model
migrateoutm,1381,2,Demography,2,Parameter,migrateoutm : Demography Model
migrater,847,2,Demography,2,Parameter,migrater : Demography Model
mortconv,850,2,Demography,2,Parameter,mortconv : Demography Model
mortm,851,2,Demography,2,Parameter,mortm : Demography Model
MORTMG,852,9,Sociopolitical,1,Variable,MORTMG : Sociopolitical Model
mprconv,853,9,Sociopolitical,2,Parameter,mprconv : Sociopolitical Model
MRPA,854,3,Economy,1,Variable,MRPA : Economy Model
MS,855,3,Economy,1,Variable,MS : Economy Model
nmilf,856,8,Interstate,2,Parameter,nmilf : Interstate Model
NPOW,857,8,Interstate,1,Variable,NPOW : Interstate Model
npowf,858,8,Interstate,2,Parameter,npowf : Interstate Model
nsdiv,859,3,Economy,2,Parameter,nsdiv : Economy Model
NSGAPA,860,3,Economy,1,Variable,NSGAPA : Economy Model
NSGAPR,861,3,Economy,1,Variable,NSGAPR : Economy Model
NSGAPRTB,862,3,Economy,1,Variable,NSGAPRTB : Economy Model
NSNARAT,863,3,Economy,1,Variable,NSNARAT : Economy Model
nsnaratm,864,3,Economy,2,Parameter,nsnaratm : Economy Model
NSPQLI,865,9,Sociopolitical,1,Variable,NSPQLI : Sociopolitical Model
NUMNWP,866,9,Sociopolitical,1,Variable,NUMNWP : Sociopolitical Model
NUMNWPGR,867,9,Sociopolitical,1,Variable,NUMNWPGR : Sociopolitical Model
numnwpgrm,869,9,Sociopolitical,2,Parameter,numnwpgrm : Sociopolitical Model
NWAR,871,8,Interstate,1,Variable,NWAR : Interstate Model
nwarf,872,8,Interstate,2,Parameter,nwarf : Interstate Model
NWARPB,873,8,Interstate,1,Variable,NWARPB : Interstate Model
nwarsv,874,8,Interstate,2,Parameter,nwarsv : Interstate Model
OILGPR,877,5,Energy,1,Variable,OILGPR : Energy Model
PCONGREAT,878,8,Interstate,1,Variable,PCONGREAT : Interstate Model
PCONGREATEU,879,8,Interstate,1,Variable,PCONGREATEU : Interstate Model
PCONGREATEUF,880,8,Interstate,1,Variable,PCONGREATEUF : Interstate Model
PCONGREATF,881,8,Interstate,1,Variable,PCONGREATF : Interstate Model
PCONSYS,882,8,Interstate,1,Variable,PCONSYS : Interstate Model
PERSCON,883,2,Demography,1,Variable,PERSCON : Demography Model
PFD,884,3,Economy,1,Variable,PFD : Economy Model
POP,885,2,Demography,1,Variable,POP : Demography Model
POP0TO5,886,2,Demography,1,Variable,POP0TO5 : Demography Model
POP15TO65,887,2,Demography,1,Variable,POP15TO65 : Demography Model
POPFOREIGN,888,2,Demography,1,Variable,POPFOREIGN : Demography Model
POPFOREIGNIN,1425,2,Demography,1,Variable,POPFOREIGNIN : Demography Model
POPFOREIGNOUT,1426,2,Demography,1,Variable,POPFOREIGNOUT : Demography Model
POPGT65,889,2,Demography,1,Variable,POPGT65 : Demography Model
POPLE15,890,2,Demography,1,Variable,POPLE15 : Demography Model
POPMEDAGE,891,2,Demography,1,Variable,POPMEDAGE : Demography Model
POPPREWORK,892,2,Demography,1,Variable,POPPREWORK : Demography Model
POPR,893,2,Demography,1,Variable,POPR : Demography Model
POPREFUGEE,1405,2,Demography,1,Variable,POPREFUGEE : Demography Model
POPRETIRED,894,2,Demography,1,Variable,POPRETIRED : Demography Model
POPRURAL,895,2,Demography,1,Variable,POPRURAL : Demography Model
POPURBAN,896,2,Demography,1,Variable,POPURBAN : Demography Model
POPURBGR,897,2,Demography,1,Variable,POPURBGR : Demography Model
POPWORKING,898,2,Demography,1,Variable,POPWORKING : Demography Model
POTSUPRAT,899,2,Demography,1,Variable,POTSUPRAT : Demography Model
POVGAP,900,9,Sociopolitical,1,Variable,POVGAP : Sociopolitical Model
POWER,901,8,Interstate,1,Variable,POWER : Interstate Model
POWERGPI,,8,Interstate,1,Variable,POWERGPI : Interstate Model
POWERHHMI,,8,Interstate,1,Variable,POWERHHMI : Interstate Model
PPPCONV,902,3,Economy,1,Variable,PPPCONV : Economy Model
PQLI,903,9,Sociopolitical,1,Variable,PQLI : Sociopolitical Model
PRI,904,3,Economy,1,Variable,PRI : Economy Model
protecm,906,3,Economy,2,Parameter,protecm : Economy Model
PROTEINPC,1206,1,Agriculture,1,Variable,PROTEINPC : Agriculture Model
QE,907,5,Energy,1,Variable,QE : Energy Model
qem,908,5,Energy,2,Parameter,qem : Energy Model
QEUNCON,909,5,Energy,1,Variable,QEUNCON : Energy Model
qeunconm,910,5,Energy,2,Parameter,qeunconm : Energy Model
RANDDEXP,911,3,Economy,1,Variable,RANDDEXP : Economy Model
randdexpm,1202,3,Economy,2,Parameter,randdexpm : Economy Model
reac,915,8,Interstate,2,Parameter,reac : Interstate Model
repayrm,917,3,Economy,2,Parameter,repayrm : Economy Model
RESER,918,5,Energy,1,Variable,RESER : Energy Model
resor,919,5,Energy,2,Parameter,resor : Energy Model
resorm,920,5,Energy,2,Parameter,resorm : Energy Model
resoruncon,921,5,Energy,2,Parameter,resoruncon : Energy Model
resorunconm,922,5,Energy,2,Parameter,resorunconm : Energy Model
retireconsumrat,923,2,Demography,2,Parameter,retireconsumrat : Demography Model
RETRAT,924,1,Agriculture,1,Variable,RETRAT : Agriculture Model
salpha,926,3,Economy,2,Parameter,salpha : Economy Model
SAMADMISSION,1275,2,Demography,1,Variable,SAMADMISSION : Demography Model
samadmissionadd,1292,2,Demography,2,Parameter,samadmissionadd : Demography Model
samadmissioncost,1280,2,Demography,2,Parameter,samadmissioncost : Demography Model
samadmissionm,1276,2,Demography,2,Parameter,samadmissionm : Demography Model
samadmissionsw,1299,2,Demography,2,Parameter,samadmissionsw : Demography Model
SAMADMISSIONTOTCOST,1290,2,Demography,1,Variable,SAMADMISSIONTOTCOST : Demography Model
SAMAVERTED,1277,2,Demography,1,Variable,SAMAVERTED : Demography Model
samavertedconvyr,1301,2,Demography,2,Parameter,samavertedconvyr : Demography Model
samavertedm,1278,2,Demography,2,Parameter,samavertedm : Demography Model
samtomalnchpsw,1307,2,Demography,2,Parameter,samtomalnchpsw : Demography Model
MATMORTRATIO,1441,11,Other,1,Variable,MATMORTRATIO : Other Model
HOMICIDEINDEX,1442,11,Other,1,Variable,HOMICIDEINDEX : Other Model
svindexm,1443,11,Other,2,Parameter,svindexm : Other Model
svmulm,1445,11,Other,2,Parameter,svmulm : Other Model
SVDTHSSELFHARM,1446,11,Other,1,Variable,SVDTHSSELFHARM : Other Model
SVDTHSCONFLICT,1447,11,Other,1,Variable,SVDTHSCONFLICT : Other Model
SVDTHSWOMEN,1453,11,Other,1,Variable,SVDTHSWOMEN : Other Model
SVDTHSCHIL,1454,11,Other,1,Variable,SVDTHSCHIL : Other Model
drugusepolyindex,1455,11,Other,2,Parameter,drugusepolyindex : Other Model
drugglobalconv,1456,11,Other,2,Parameter,drugglobalconv : Other Model
SAVINGS,947,3,Economy,1,Variable,SAVINGS : Economy Model
SAVINGSRPA,949,3,Economy,1,Variable,SAVINGSRPA : Economy Model
SDEATH,950,2,Demography,1,Variable,SDEATH : Demography Model
sfconv,951,2,Demography,2,Parameter,sfconv : Demography Model
SFECONDEV,1344,9,Sociopolitical,1,Variable,SFECONDEV : Sociopolitical Model
SFIMBAL,1346,9,Sociopolitical,1,Variable,SFIMBAL : Sociopolitical Model
SFINSTABALL,952,9,Sociopolitical,1,Variable,SFINSTABALL : Sociopolitical Model
SFINSTABMAG,953,9,Sociopolitical,1,Variable,SFINSTABMAG : Sociopolitical Model
sfintlwaradd,954,9,Sociopolitical,2,Parameter,sfintlwaradd : Sociopolitical Model
SFINTLWARALL,955,9,Sociopolitical,1,Variable,SFINTLWARALL : Sociopolitical Model
SFINTLWARMAG,956,9,Sociopolitical,1,Variable,SFINTLWARMAG : Sociopolitical Model
sfusehist,958,9,Sociopolitical,2,Parameter,sfusehist : Sociopolitical Model
slr,959,1,Agriculture,2,Parameter,slr : Agriculture Model
SVDTHSWOMENTOT,1463,11,Other,1,Variable,SVDTHSWOMENTOT : Other Model
squeez,960,5,Energy,2,Parameter,squeez : Energy Model
SSWELTAX,961,3,Economy,1,Variable,SSWELTAX : Economy Model
SSWELTAXR,962,3,Economy,1,Variable,SSWELTAXR : Economy Model
ssweltaxrm,963,3,Economy,2,Parameter,ssweltaxrm : Economy Model
ST,964,3,Economy,1,Variable,ST : Economy Model
SVDTHSCHILTOT,1464,11,Other,1,Variable,SVDTHSCHILTOT : Other Model
SURVSE,966,9,Sociopolitical,1,Variable,SURVSE : Sociopolitical Model
survseadd,967,9,Sociopolitical,2,Parameter,survseadd : Sociopolitical Model
SVDTHSPOLICSTOT,1465,11,Other,1,Variable,SVDTHSPOLICSTOT : Other Model
SVDTHSOTHERINTERTOT,1466,11,Other,1,Variable,SVDTHSOTHERINTERTOT : Other Model
SVDTHSSELFHARMTOT,1467,11,Other,1,Variable,SVDTHSSELFHARMTOT : Other Model
SVDTHSCONFLICTTOT,1468,11,Other,1,Variable,SVDTHSCONFLICTTOT : Other Model
SVDTHSSOCIETALVIOLENCETOT,1469,11,Other,1,Variable,SVDTHSSOCIETALVIOLENCETOT : Other Model
svdthsadd,1470,11,Other,2,Parameter,svdthsadd : Other Model
govindsecurconflict,1471,11,Other,2,Parameter,govindsecurconflict : Other Model
govindsecurgovrisk,1472,11,Other,2,Parameter,govindsecurgovrisk : Other Model
govindsecurviolence,1473,11,Other,2,Parameter,govindsecurviolence : Other Model
svtohlsw,1476,11,Other,2,Parameter,svtohlsw : Other Model
govindsecurm,1486,11,Other,2,Parameter,govindsecurm : Other Model
svvionormsw,1499,11,Other,2,Parameter,svvionormsw : Other Model
COOKSTOVES,,11,Other,1,Variable,COOKSTOVES : Other Model
cookstovesadd,,11,Other,2,Parameter,cookstovesadd : Other Model
edpriintnm,,11,Other,2,Parameter,edpriintnm : Other Model
edpriintntrgtyr,,11,Other,2,Parameter,edpriintntrgtyr : Other Model
edprisurm,,11,Other,2,Parameter,edprisurm : Other Model
edprisurtrgtyr,,11,Other,2,Parameter,edprisurtrgtyr : Other Model
edseclowrtranm,,11,Other,2,Parameter,edseclowrtranm : Other Model
edseclowrtrantrgtyr,,11,Other,2,Parameter,edseclowrtrantrgtyr : Other Model
edseclowrvocadd,,11,Other,2,Parameter,edseclowrvocadd : Other Model
edsecupprtranm,,11,Other,2,Parameter,edsecupprtranm : Other Model
edsecupprtrantrgtyr,,11,Other,2,Parameter,edsecupprtrantrgtyr : Other Model
swingstsdem,970,9,Sociopolitical,2,Parameter,swingstsdem : Sociopolitical Model
swseffects,971,9,Sociopolitical,2,Parameter,swseffects : Sociopolitical Model
swseffmax,972,9,Sociopolitical,2,Parameter,swseffmax : Sociopolitical Model
taxinfadjm,,3,Economy,2,Parameter,taxinfadjm : Economy Model
TAXRA,973,3,Economy,1,Variable,TAXRA : Economy Model
tconr,974,2,Demography,2,Parameter,tconr : Demography Model
edsecupprvocadd,,11,Other,2,Parameter,edsecupprvocadd : Other Model
TEFF,975,3,Economy,1,Variable,TEFF : Economy Model
tefinfadjm,,3,Economy,2,Parameter,tefinfadjm : Economy Model
terdispute,976,8,Interstate,2,Parameter,terdispute : Interstate Model
TERMTR,977,3,Economy,1,Variable,TERMTR : Economy Model
termtrm,978,3,Economy,2,Parameter,termtrm : Economy Model
TES,979,6,Environment,1,Variable,TES : Environment Model
TFR,980,2,Demography,1,Variable,TFR : Demography Model
tfrconv,981,2,Demography,2,Parameter,tfrconv : Demography Model
tfrm,982,2,Demography,2,Parameter,tfrm : Demography Model
tfrmin,983,2,Demography,2,Parameter,tfrmin : Demography Model
THREAT,986,8,Interstate,1,Variable,THREAT : Interstate Model
THREATREC,987,8,Interstate,1,Variable,THREATREC : Interstate Model
THREATSENT,988,8,Interstate,1,Variable,THREATSENT : Interstate Model
tmortr,989,2,Demography,2,Parameter,tmortr : Demography Model
tmortr2,990,2,Demography,2,Parameter,tmortr2 : Demography Model
TRADEBAL,991,3,Economy,1,Variable,TRADEBAL : Economy Model
trademax,992,3,Economy,2,Parameter,trademax : Economy Model
TRADSRAT,993,9,Sociopolitical,1,Variable,TRADSRAT : Sociopolitical Model
tradsratadd,994,9,Sociopolitical,2,Parameter,tradsratadd : Sociopolitical Model
TRUCKS,996,7,Infrastructure,1,Variable,TRUCKS : Infrastructure Model
TRUCKSALPC,997,7,Infrastructure,1,Variable,TRUCKSALPC : Infrastructure Model
trucksconv,998,7,Infrastructure,2,Parameter,trucksconv : Infrastructure Model
TRUCKSFL,999,7,Infrastructure,1,Variable,TRUCKSFL : Infrastructure Model
TRUCKSFLPC,1000,7,Infrastructure,1,Variable,TRUCKSFLPC : Infrastructure Model
trucksm,1001,7,Infrastructure,2,Parameter,trucksm : Infrastructure Model
TRUCKSTOT,1002,7,Infrastructure,1,Variable,TRUCKSTOT : Infrastructure Model
truckstotm,1003,7,Infrastructure,2,Parameter,truckstotm : Infrastructure Model
ttfrr,1004,2,Demography,2,Parameter,ttfrr : Demography Model
VADD,1005,3,Economy,1,Variable,VADD : Economy Model
VADDF,1006,3,Economy,1,Variable,VADDF : Economy Model
VADDHHS,1007,3,Economy,1,Variable,VADDHHS : Economy Model
VADDHHU,1008,3,Economy,1,Variable,VADDHHU : Economy Model
VEHICFLPC,1010,7,Infrastructure,1,Variable,VEHICFLPC : Infrastructure Model
edtergradm,,11,Other,2,Parameter,edtergradm : Other Model
VEHICLESTOT,1012,7,Infrastructure,1,Variable,VEHICLESTOT : Infrastructure Model
wagnerc,1013,3,Economy,2,Parameter,wagnerc : Economy Model
WAP,1014,1,Agriculture,1,Variable,WAP : Agriculture Model
edtergradtrgtyr,,11,Other,2,Parameter,edtergradtrgtyr : Other Model
edterintm,,11,Other,2,Parameter,edterintm : Other Model
edterinttrgtyr,,11,Other,2,Parameter,edterinttrgtyr : Other Model
edterscienshradd,,11,Other,2,Parameter,edterscienshradd : Other Model
gdsbudgetprotec,,11,Other,2,Parameter,gdsbudgetprotec : Other Model
gdstrgtval,,11,Other,2,Parameter,gdstrgtval : Other Model
gdstrgtyr,,11,Other,2,Parameter,gdstrgtyr : Other Model
ginidomm,,11,Other,2,Parameter,ginidomm : Other Model
govconswing,,11,Other,2,Parameter,govconswing : Other Model
WATPRICE,1333,5,Energy,1,Variable,WATPRICE : Energy Model
watprid,1331,5,Energy,2,Parameter,watprid : Energy Model
watprii,1332,5,Energy,2,Parameter,watprii : Energy Model
hlsmokingceiling,,11,Other,2,Parameter,hlsmokingceiling : Other Model
ictcomputersm,,11,Other,2,Parameter,ictcomputersm : Other Model
ICTCONSURPLUS,,11,Other,1,Variable,ICTCONSURPLUS : Other Model
ictconsurplusm,,11,Other,2,Parameter,ictconsurplusm : Other Model
ICTCYBBENEFIT,,11,Other,1,Variable,ICTCYBBENEFIT : Other Model
ICTCYBBENEFITCUMNET,,11,Other,1,Variable,ICTCYBBENEFITCUMNET : Other Model
ictcybbenefitm,,11,Other,2,Parameter,ictcybbenefitm : Other Model
ICTCYBBENEFITNET,,11,Other,1,Variable,ICTCYBBENEFITNET : Other Model
ICTCYBBENTOT,,11,Other,1,Variable,ICTCYBBENTOT : Other Model
ICTCYBBENTOTCUM,,11,Other,1,Variable,ICTCYBBENTOTCUM : Other Model
ictcybevcost,,11,Other,2,Parameter,ictcybevcost : Other Model
ictcybevprob,,11,Other,2,Parameter,ictcybevprob : Other Model
ICTCYBEVTCOST,,11,Other,1,Variable,ICTCYBEVTCOST : Other Model
ictcybevtcostm,,11,Other,2,Parameter,ictcybevtcostm : Other Model
ICTCYBOPCOST,,11,Other,1,Variable,ICTCYBOPCOST : Other Model
ictcybopcostadd,,11,Other,2,Parameter,ictcybopcostadd : Other Model
ICTCYBRISKTOT,,11,Other,1,Variable,ICTCYBRISKTOT : Other Model
ICTCYBRISKTOTCUM,,11,Other,1,Variable,ICTCYBRISKTOTCUM : Other Model
ICTCYBSECSPEND,,11,Other,1,Variable,ICTCYBSECSPEND : Other Model
ictcybsecspendm,,11,Other,2,Parameter,ictcybsecspendm : Other Model
ICTCYBSECURITY,,11,Other,1,Variable,ICTCYBSECURITY : Other Model
ictcybsecuritym,,11,Other,2,Parameter,ictcybsecuritym : Other Model
ictindexm,,11,Other,2,Parameter,ictindexm : Other Model
ICTINTNETHH,,11,Other,1,Variable,ICTINTNETHH : Other Model
ictintnethhm,,11,Other,2,Parameter,ictintnethhm : Other Model
infinformcoeffintercept,,11,Other,2,Parameter,infinformcoeffintercept : Other Model
infinformcoefflabinf,,11,Other,2,Parameter,infinformcoefflabinf : Other Model
WATERFILTERED,,11,Other,1,Variable,WATERFILTERED : Other Model
waterfilteredm,,11,Other,2,Parameter,waterfilteredm : Other Model
WCLPC,1052,1,Agriculture,1,Variable,WCLPC : Agriculture Model
WCPOW,1053,8,Interstate,1,Variable,WCPOW : Interstate Model
WENP,1054,5,Energy,1,Variable,WENP : Energy Model
WEP,1055,5,Energy,1,Variable,WEP : Energy Model
WEPBYEAR,1056,5,Energy,1,Variable,WEPBYEAR : Energy Model
WFORST,1057,1,Agriculture,1,Variable,WFORST : Agriculture Model
WGDP,1058,3,Economy,1,Variable,WGDP : Economy Model
WGDPPC,1059,3,Economy,1,Variable,WGDPPC : Economy Model
WLIFE,1060,9,Sociopolitical,1,Variable,WLIFE : Sociopolitical Model
WLIT,1061,9,Sociopolitical,1,Variable,WLIT : Sociopolitical Model
wmigrm,1062,2,Demography,2,Parameter,wmigrm : Demography Model
WNPOW,1063,8,Interstate,1,Variable,WNPOW : Interstate Model
workageentry,1064,2,Demography,2,Parameter,workageentry : Demography Model
workageretire,1065,2,Demography,2,Parameter,workageretire : Demography Model
WORKAGERETIREND,1066,2,Demography,1,Variable,WORKAGERETIREND : Demography Model
workageretirendpctuse,1067,2,Demography,2,Parameter,workageretirendpctuse : Demography Model
workageretiresv,1068,2,Demography,2,Parameter,workageretiresv : Demography Model
WP,1069,3,Economy,1,Variable,WP : Economy Model
wpally,1070,8,Interstate,2,Parameter,wpally : Interstate Model
wpcommun,1071,8,Interstate,2,Parameter,wpcommun : Interstate Model
wpcon,1072,8,Interstate,2,Parameter,wpcon : Interstate Model
wpconmax,1074,8,Interstate,2,Parameter,wpconmax : Interstate Model
wpconmin,1075,8,Interstate,2,Parameter,wpconmin : Interstate Model
wpconsq,1076,8,Interstate,2,Parameter,wpconsq : Interstate Model
wpdemdist,1078,8,Interstate,2,Parameter,wpdemdist : Interstate Model
wpdemmin,1079,8,Interstate,2,Parameter,wpdemmin : Interstate Model
wpextinterv,1080,8,Interstate,2,Parameter,wpextinterv : Interstate Model
wpgreat1,1081,8,Interstate,2,Parameter,wpgreat1 : Interstate Model
wpgreat2,1082,8,Interstate,2,Parameter,wpgreat2 : Interstate Model
wpgreatlev,1083,8,Interstate,2,Parameter,wpgreatlev : Interstate Model
wpgreatthresh,1084,8,Interstate,2,Parameter,wpgreatthresh : Interstate Model
wpindsw,1085,8,Interstate,2,Parameter,wpindsw : Interstate Model
wpmilthr,1086,8,Interstate,2,Parameter,wpmilthr : Interstate Model
WPOP,1087,2,Demography,1,Variable,WPOP : Demography Model
WPOPR,1088,2,Demography,1,Variable,WPOPR : Demography Model
wppowtran1,1089,8,Interstate,2,Parameter,wppowtran1 : Interstate Model
wppowtran2,1090,8,Interstate,2,Parameter,wppowtran2 : Interstate Model
WPQLI,1091,9,Sociopolitical,1,Variable,WPQLI : Sociopolitical Model
wpsysgr,1092,8,Interstate,2,Parameter,wpsysgr : Interstate Model
wpterdisp,1093,8,Interstate,2,Parameter,wpterdisp : Interstate Model
wpthrconv,1094,8,Interstate,2,Parameter,wpthrconv : Interstate Model
wpthrwar,1095,8,Interstate,2,Parameter,wpthrwar : Interstate Model
wptrade,1096,8,Interstate,2,Parameter,wptrade : Interstate Model
wpwghtpow,1097,8,Interstate,2,Parameter,wpwghtpow : Interstate Model
WRESER,1098,5,Energy,1,Variable,WRESER : Energy Model
WRESOR,1099,5,Energy,1,Variable,WRESOR : Energy Model
WTEMP,1101,6,Environment,1,Variable,WTEMP : Environment Model
WTHREAT,1102,8,Interstate,1,Variable,WTHREAT : Interstate Model
WTRADE,1103,3,Economy,1,Variable,WTRADE : Economy Model
X,1105,3,Economy,1,Variable,X : Economy Model
XDEBTRPA,1106,3,Economy,1,Variable,XDEBTRPA : Economy Model
XFDIFIN,1107,3,Economy,1,Variable,XFDIFIN : Economy Model
XFDIFOUT,1108,3,Economy,1,Variable,XFDIFOUT : Economy Model
xfdioutf,1109,3,Economy,2,Parameter,xfdioutf : Economy Model
XFDISTOCK,1110,3,Economy,1,Variable,XFDISTOCK : Economy Model
xfdistockm,1111,3,Economy,2,Parameter,xfdistockm : Economy Model
xfdistockr,1112,3,Economy,2,Parameter,xfdistockr : Economy Model
XFDISTOUT,1113,3,Economy,1,Variable,XFDISTOUT : Economy Model
xfdistoutm,1114,3,Economy,2,Parameter,xfdistoutm : Economy Model
xfdiwgradd,1324,3,Economy,2,Parameter,xfdiwgradd : Economy Model
xfdiwgrm,1115,3,Economy,2,Parameter,xfdiwgrm : Economy Model
XFIRMDEBT,1117,3,Economy,1,Variable,XFIRMDEBT : Economy Model
XGOVTDEBT,1118,3,Economy,1,Variable,XGOVTDEBT : Economy Model
XGOVTDEBTB,1119,3,Economy,1,Variable,XGOVTDEBTB : Economy Model
XGOVTDEBTBF,1120,3,Economy,1,Variable,XGOVTDEBTBF : Economy Model
xhw,1121,3,Economy,2,Parameter,xhw : Economy Model
XIMFCREDIT,1122,3,Economy,1,Variable,XIMFCREDIT : Economy Model
ximfcreditr,1123,3,Economy,2,Parameter,ximfcreditr : Economy Model
XIMFCREDITTOT,1124,3,Economy,1,Variable,XIMFCREDITTOT : Economy Model
ximfcreqr,1125,3,Economy,2,Parameter,ximfcreqr : Economy Model
XIMFCRFIN,1126,3,Economy,1,Variable,XIMFCRFIN : Economy Model
ximfcrfinm,1127,3,Economy,2,Parameter,ximfcrfinm : Economy Model
XIMFCRFOUT,1128,3,Economy,1,Variable,XIMFCRFOUT : Economy Model
ximfcrrepr,1130,3,Economy,2,Parameter,ximfcrrepr : Economy Model
XIMFSUBF,1131,3,Economy,1,Variable,XIMFSUBF : Economy Model
XPORTFIN,1132,3,Economy,1,Variable,XPORTFIN : Economy Model
XPORTFOLIO,1133,3,Economy,1,Variable,XPORTFOLIO : Economy Model
xportfoliom,1134,3,Economy,2,Parameter,xportfoliom : Economy Model
XPORTFOUT,1135,3,Economy,1,Variable,XPORTFOUT : Economy Model
xportr,1136,3,Economy,2,Parameter,xportr : Economy Model
XPORTSTOUT,1137,3,Economy,1,Variable,XPORTSTOUT : Economy Model
xportstoutm,1138,3,Economy,2,Parameter,xportstoutm : Economy Model
xportwgrm,1139,3,Economy,2,Parameter,xportwgrm : Economy Model
XRESERVES,1140,3,Economy,1,Variable,XRESERVES : Economy Model
XRPA,1141,3,Economy,1,Variable,XRPA : Economy Model
XS,1142,3,Economy,1,Variable,XS : Economy Model
xshift,1143,3,Economy,2,Parameter,xshift : Economy Model
XWBFLOWS,1144,3,Economy,1,Variable,XWBFLOWS : Economy Model
xwblneqr,1145,3,Economy,2,Parameter,xwblneqr : Economy Model
XWBLNFIN,1146,3,Economy,1,Variable,XWBLNFIN : Economy Model
xwblnfinm,1147,3,Economy,2,Parameter,xwblnfinm : Economy Model
XWBLNFOUT,1148,3,Economy,1,Variable,XWBLNFOUT : Economy Model
xwblnintr,1149,3,Economy,2,Parameter,xwblnintr : Economy Model
xwblnrepr,1150,3,Economy,2,Parameter,xwblnrepr : Economy Model
xwbloanr,1151,3,Economy,2,Parameter,xwbloanr : Economy Model
XWBLOANS,1152,3,Economy,1,Variable,XWBLOANS : Economy Model
XWBLOANSTOT,1153,3,Economy,1,Variable,XWBLOANSTOT : Economy Model
xwbsectar,1154,3,Economy,2,Parameter,xwbsectar : Economy Model
XWBSUBF,1155,3,Economy,1,Variable,XWBSUBF : Economy Model
XWORKREMIT,1156,3,Economy,1,Variable,XWORKREMIT : Economy Model
xworkremitm,1477,3,Economy,2,Parameter,xworkremitm : Economy Model
YL,1157,1,Agriculture,1,Variable,YL : Agriculture Model
ylhw,1159,1,Agriculture,2,Parameter,ylhw : Agriculture Model
ylm,1160,1,Agriculture,2,Parameter,ylm : Agriculture Model
ylmax,1161,1,Agriculture,2,Parameter,ylmax : Agriculture Model
ylmaxgr,1162,1,Agriculture,2,Parameter,ylmaxgr : Agriculture Model
YTHBULGE,1163,2,Demography,1,Variable,YTHBULGE : Demography Model
ZS,1164,3,Economy,1,Variable,ZS : Economy Model
